"PERMNO","Company Name","Ticker","SP500 Start","SP500 End"
"10078","SUN MICROSYSTEMS INC","JAVA","Aug. 20, 1992","Jan. 28, 2010"
"10104","ORACLE CORP","ORCL","Aug. 3, 1989","Dec. 31, 2024"
"10107","MICROSOFT CORP","MSFT","June 7, 1994","Dec. 31, 2024"
"10137","ALLEGHENY ENERGY INC","AYE","Dec. 11, 2000","Feb. 25, 2011"
"10138","T ROWE PRICE GROUP INC","TROW","Oct. 13, 1999","Dec. 31, 2024"
"10145","HONEYWELL INTERNATIONAL INC","HON","Dec. 31, 1925","Dec. 31, 2024"
"10147","E M C CORP MA","EMC","March 28, 1996","Sept. 7, 2016"
"10225","FORTUNE BRANDS INC","FO","Dec. 31, 1925","April 30, 2014"
"10299","LINEAR TECHNOLOGY CORP","LLTC","April 3, 2000","March 10, 2017"
"10324","GENZYME CORP","GENZ","Dec. 14, 2001","April 1, 2011"
"10516","ARCHER DANIELS MIDLAND CO","ADM","July 30, 1981","Dec. 31, 2024"
"10696","FISERV INC","FISV","April 2, 2001","Dec. 31, 2024"
"11081","DELL INC","DELL","Sept. 6, 1996","Oct. 28, 2013"
"11308","COCA COLA CO","KO","March 1, 1957","Dec. 31, 2024"
"11404","CONSOLIDATED EDISON INC","ED","Dec. 31, 1925","Dec. 31, 2024"
"11552","CELGENE CORP","CELG","Nov. 6, 2006","Nov. 20, 2019"
"11600","DENTSPLY INTERNATIONAL INC NEW","XRAY","Nov. 14, 2008","April 2, 2024"
"11618","FASTENAL CO","FAST","Sept. 15, 2008","Dec. 31, 2024"
"11674","D T E ENERGY CO","DTE","Dec. 31, 1925","Dec. 31, 2024"
"11703","DU PONT E I DE NEMOURS & CO","DD","March 1, 1957","Aug. 31, 2017"
"11754","EASTMAN KODAK CO","EK","Dec. 31, 1925","Dec. 17, 2010"
"11762","EATON CORP","ETN","March 1, 1957","Dec. 31, 2024"
"11850","EXXON MOBIL CORP","XOM","Dec. 31, 1925","Dec. 31, 2024"
"11955","WASTE MANAGEMENT INC DEL","WM","July 17, 1998","Dec. 31, 2024"
"11976","B M C SOFTWARE INC","BMC","Oct. 1, 1998","Sept. 10, 2013"
"12052","GENERAL DYNAMICS CORP","GD","March 1, 1957","Dec. 31, 2024"
"12060","GENERAL ELECTRIC CO","GE","March 1, 1957","Dec. 31, 2024"
"12062","LABORATORY CORP AMERICA HLDGS","LH","Nov. 1, 2004","Dec. 31, 2024"
"12067","NOVELLUS SYSTEMS INC","NVLS","June 19, 2000","June 4, 2012"
"12073","PEOPLES UNITED FINANCIAL INC","PBCT","Nov. 13, 2008","April 1, 2022"
"12140","GOODRICH CORP","GR","March 1, 1957","July 30, 2012"
"12490","INTERNATIONAL BUSINESS MACHS COR","IBM","March 1, 1957","Dec. 31, 2024"
"12570","I T T CORP","ITT","March 1, 1957","Oct. 31, 2011"
"13688","P G & E CORP","PCG","Dec. 31, 1925","Jan. 17, 2019"
"13856","PEPSICO INC","PEP","March 1, 1957","Dec. 31, 2024"
"13901","ALTRIA GROUP INC","MO","March 1, 1957","Dec. 31, 2024"
"13928","CONOCOPHILLIPS","COP","March 1, 1957","Dec. 31, 2024"
"14008","AMGEN INC","AMGN","Jan. 2, 1992","Dec. 31, 2024"
"14277","SCHLUMBERGER LTD","SLB","March 4, 1965","Dec. 31, 2024"
"14541","CHEVRON CORP NEW","CVX","Dec. 31, 1925","Dec. 31, 2024"
"14593","APPLE INC","AAPL","Nov. 18, 1982","Dec. 31, 2024"
"14656","SUNOCO INC","SUN","March 6, 1969","Oct. 4, 2012"
"14702","APPLIED MATERIALS INC","AMAT","March 16, 1995","Dec. 31, 2024"
"15069","MARATHON OIL CORP","MRO","Dec. 31, 1925","Nov. 25, 2024"
"15202","VULCAN MATERIALS CO","VMC","July 1, 1999","Dec. 31, 2024"
"15560","RADIOSHACK CORP","RSH","March 1, 1973","June 30, 2011"
"15579","TEXAS INSTRUMENTS INC","TXN","March 25, 1959","Dec. 31, 2024"
"15720","EDISON INTERNATIONAL","EIX","Dec. 31, 1925","Dec. 31, 2024"
"16432","GOODYEAR TIRE & RUBBER CO","GT","Dec. 31, 1925","Feb. 26, 2019"
"16600","HERSHEY CO","HSY","March 1, 1957","Dec. 31, 2024"
"16678","KROGER CO","KR","March 1, 1957","Dec. 31, 2024"
"17005","C V S CAREMARK CORP","CVS","March 1, 1957","Dec. 31, 2024"
"17144","GENERAL MILLS INC","GIS","Feb. 13, 1969","Dec. 31, 2024"
"17279","LORILLARD INC","LO","June 11, 2008","June 11, 2015"
"17478","MCGRAW HILL COS INC","MHP","March 1, 1957","Dec. 31, 2024"
"17750","KIMBERLY CLARK CORP","KMB","March 1, 1957","Dec. 31, 2024"
"17830","UNITED TECHNOLOGIES CORP","UTX","March 1, 1957","Dec. 31, 2024"
"18163","PROCTER & GAMBLE CO","PG","March 1, 1957","Dec. 31, 2024"
"18403","PENNEY J C CO INC","JCP","March 1, 1957","Nov. 29, 2013"
"18411","SOUTHERN CO","SO","June 7, 1944","Dec. 31, 2024"
"18542","CATERPILLAR INC","CAT","March 1, 1957","Dec. 31, 2024"
"18729","COLGATE PALMOLIVE CO","CL","March 1, 1957","Dec. 31, 2024"
"19166","F M C CORP","FMC","Aug. 19, 2009","Dec. 31, 2024"
"19350","DEERE & CO","DE","March 1, 1957","Dec. 31, 2024"
"19393","BRISTOL MYERS SQUIBB CO","BMY","March 1, 1957","Dec. 31, 2024"
"19502","WALGREEN CO","WAG","Oct. 11, 1979","Dec. 31, 2024"
"19561","BOEING CO","BA","March 1, 1957","Dec. 31, 2024"
"19583","INVESCO LTD","IVZ","Aug. 21, 2008","Dec. 31, 2024"
"20220","BLACK & DECKER CORP","BDK","Jan. 15, 1976","March 12, 2010"
"20415","LEUCADIA NATIONAL CORP","LUK","Aug. 27, 2007","Sept. 25, 2019"
"20482","ABBOTT LABORATORIES","ABT","March 1, 1957","Dec. 31, 2024"
"20626","DOW CHEMICAL CO","DOW","April 20, 1954","Aug. 31, 2017"
"21178","LOCKHEED MARTIN CORP","LMT","July 19, 1984","Dec. 31, 2024"
"21186","MEADWESTVACO CORP","MWV","March 1, 1957","July 5, 2024"
"21207","NEWMONT MINING CORP","NEM","May 15, 1969","Dec. 31, 2024"
"21371","CARDINAL HEALTH INC","CAH","May 27, 1997","Dec. 31, 2024"
"21573","INTERNATIONAL PAPER CO","IP","Dec. 31, 1925","Dec. 31, 2024"
"21776","EXELON CORP","EXC","June 7, 1944","Dec. 31, 2024"
"21792","CENTERPOINT ENERGY INC","CNP","July 25, 1985","Dec. 31, 2024"
"21936","PFIZER INC","PFE","March 1, 1957","Dec. 31, 2024"
"22103","EMERSON ELECTRIC CO","EMR","Jan. 7, 1965","Dec. 31, 2024"
"22111","JOHNSON & JOHNSON","JNJ","May 31, 1973","Dec. 31, 2024"
"22293","CORNING INC","GLW","March 1, 1957","Dec. 31, 2024"
"22509","P P G INDUSTRIES INC","PPG","March 1, 1957","Dec. 31, 2024"
"22517","P P L CORP","PPL","Nov. 27, 1995","Dec. 31, 2024"
"22592","3M CO","MMM","March 1, 1957","Dec. 31, 2024"
"22752","MERCK & CO INC NEW","MRK","March 1, 1957","Dec. 31, 2024"
"22779","MOTOROLA INC","MOT","March 1, 1957","Dec. 31, 2024"
"22840","SARA LEE CORP","SLE","Sept. 10, 1981","June 28, 2012"
"23026","FIRSTENERGY CORP","FE","July 10, 1957","Dec. 31, 2024"
"23077","HEINZ H J CO","HNZ","March 1, 1957","June 6, 2013"
"23085","SCANA CORP NEW","SCG","Jan. 2, 2009","Dec. 31, 2018"
"23114","PROGRESS ENERGY INC","PGN","Aug. 24, 1989","June 29, 2012"
"23229","C M S ENERGY CORP","CMS","May 3, 1999","Dec. 31, 2024"
"23473","CINCINNATI FINANCIAL CORP","CINF","Dec. 18, 1997","Dec. 31, 2024"
"23501","PEPCO HOLDINGS INC","POM","Nov. 9, 2007","March 29, 2016"
"23536","WISCONSIN ENERGY CORP","WEC","Oct. 31, 2008","Dec. 31, 2024"
"23579","TEXTRON INC","TXT","Oct. 5, 1978","Dec. 31, 2024"
"23660","CINTAS CORP","CTAS","March 1, 2001","Dec. 31, 2024"
"23712","PUBLIC SERVICE ENTERPRISE GP INC","PEG","July 7, 1948","Dec. 31, 2024"
"23819","HALLIBURTON CO","HAL","March 1, 1957","Dec. 31, 2024"
"23887","FRONTIER COMMUNICATIONS CORP","FTR","Feb. 27, 2001","March 17, 2017"
"23931","X C E L ENERGY INC","XEL","July 6, 1949","Dec. 31, 2024"
"24010","ENTERGY CORP NEW","ETR","March 1, 1957","Dec. 31, 2024"
"24109","AMERICAN ELECTRIC POWER CO INC","AEP","Sept. 6, 1951","Dec. 31, 2024"
"24205","F P L GROUP INC","FPL","July 1, 1976","Dec. 31, 2024"
"24221","CONSTELLATION ENERGY GROUP INC","CEG","March 1, 1957","March 13, 2012"
"24328","E Q T CORP","EQT","Dec. 19, 2008","Nov. 12, 2018"
"24459","PITNEY BOWES INC","PBI","March 1, 1957","Feb. 28, 2017"
"24643","ALCOA INC","AA","March 1, 1957","Dec. 31, 2024"
"24766","NORTHROP GRUMMAN CORP","NOC","June 13, 1985","Dec. 31, 2024"
"24942","RAYTHEON CO","RTN","March 1, 1957","April 3, 2020"
"24985","AMEREN CORP","AEE","Sept. 20, 1991","Dec. 31, 2024"
"25081","COMERICA INC","CMA","Dec. 1, 1995","June 21, 2024"
"25099","INTEGRYS ENERGY GROUP INC","TEG","Feb. 22, 2007","June 30, 2015"
"25320","CAMPBELL SOUP CO","CPB","March 1, 1957","Dec. 31, 2024"
"25419","WHIRLPOOL CORP","WHR","April 1, 1959","March 15, 2024"
"25582","HARRIS CORP","HRS","Sept. 22, 2008","Dec. 31, 2024"
"25778","C A INC","CA","July 9, 1987","Nov. 5, 2018"
"25785","FORD MOTOR CO DEL","F","March 1, 1957","Dec. 31, 2024"
"25953","DOVER CORP","DOV","Oct. 24, 1985","Dec. 31, 2024"
"26382","MASSEY ENERGY CO","MEE","June 23, 2008","June 1, 2011"
"26403","DISNEY WALT CO","DIS","July 1, 1976","Dec. 31, 2024"
"26710","LOEWS CORP","L","May 10, 1995","Dec. 31, 2024"
"26825","KELLOGG CO","K","April 26, 1961","Dec. 31, 2024"
"27043","VARIAN MEDICAL SYSTEMS INC","VAR","Feb. 12, 2007","April 19, 2021"
"27422","CLIFFS NATURAL RESOURCES INC","CLF","Dec. 21, 2009","April 1, 2014"
"27633","RYDER SYSTEMS INC","R","Dec. 30, 1982","June 16, 2017"
"27756","QUESTAR CORP","STR","Dec. 1, 2006","June 30, 2010"
"27828","HEWLETT PACKARD CO","HPQ","Oct. 17, 1974","Dec. 31, 2024"
"27887","BAXTER INTERNATIONAL INC","BAX","Sept. 14, 1972","Dec. 31, 2024"
"27959","DUKE ENERGY CORP NEW","DUK","July 1, 1976","Dec. 31, 2024"
"27983","XEROX CORP","XRX","Sept. 5, 1963","March 19, 2021"
"27991","PINNACLE WEST CAPITAL CORP","PNW","Oct. 4, 1999","Dec. 31, 2024"
"28222","AIR PRODUCTS & CHEMICALS INC","APD","April 11, 1985","Dec. 31, 2024"
"28345","MURPHY OIL CORP","MUR","Aug. 15, 2005","July 25, 2017"
"28388","VORNADO REALTY TRUST","VNO","Aug. 12, 2005","Jan. 4, 2023"
"28484","HESS CORP","HES","May 17, 1984","Dec. 31, 2024"
"29102","NABORS INDUSTRIES LTD","NBR","Oct. 18, 2000","March 20, 2015"
"29946","BROWN FORMAN CORP","BF","Oct. 14, 1982","Dec. 31, 2024"
"30681","OMNICOM GROUP INC","OMC","Dec. 24, 1997","Dec. 31, 2024"
"30940","FLOWSERVE CORP","FLS","Oct. 2, 2008","March 19, 2021"
"32870","HORMEL FOODS CORP","HRL","March 4, 2009","Dec. 31, 2024"
"34032","MASCO CORP","MAS","June 18, 1981","Dec. 31, 2024"
"34746","FIFTH THIRD BANCORP","FITB","March 8, 1996","Dec. 31, 2024"
"34817","NUCOR CORP","NUE","April 18, 1985","Dec. 31, 2024"
"34833","OCCIDENTAL PETROLEUM CORP","OXY","Dec. 9, 1982","Dec. 31, 2024"
"35044","REGIONS FINANCIAL CORP NEW","RF","Aug. 28, 1998","Dec. 31, 2024"
"35051","PALL CORP","PLL","Dec. 31, 1987","Aug. 28, 2015"
"35554","M & T BANK CORP","MTB","Feb. 27, 2004","Dec. 31, 2024"
"36397","FIRST HORIZON NATIONAL CORP","FHN","May 6, 2002","June 21, 2013"
"36468","SHERWIN WILLIAMS CO","SHW","May 14, 1964","Dec. 31, 2024"
"37161","T E C O ENERGY INC","TE","Oct. 10, 2001","June 30, 2016"
"37284","TESORO CORP","TSO","Sept. 27, 2007","Sept. 28, 2018"
"37584","FRANKLIN RESOURCES INC","BEN","April 29, 1998","Dec. 31, 2024"
"38156","WILLIAMS COS","WMB","Feb. 6, 1975","Dec. 31, 2024"
"38682","DONNELLEY R R & SONS CO","RRD","July 19, 1984","Dec. 11, 2012"
"38703","WELLS FARGO & CO NEW","WFC","July 1, 1976","Dec. 31, 2024"
"38762","NISOURCE INC","NI","Nov. 2, 2000","Dec. 31, 2024"
"39087","SPRINT NEXTEL CORP","S","July 27, 1989","July 8, 2013"
"39490","APACHE CORP","APA","July 28, 1997","Dec. 31, 2024"
"39538","MATTEL INC","MAT","March 11, 1982","June 6, 2019"
"39642","BECTON DICKINSON & CO","BDX","Sept. 14, 1972","Dec. 31, 2024"
"39917","WEYERHAEUSER CO","WY","Dec. 5, 1963","Dec. 31, 2024"
"40125","COMPUTER SCIENCES CORP","CSC","May 14, 1981","Nov. 30, 2015"
"40272","INTERNATIONAL FLAVORS & FRAG INC","IFF","March 4, 1976","Dec. 31, 2024"
"40416","AVON PRODUCTS INC","AVP","May 18, 1967","March 20, 2015"
"40539","T J X COMPANIES INC NEW","TJX","Sept. 26, 1985","Dec. 31, 2024"
"41080","CUMMINS INC","CMI","Jan. 7, 1965","Dec. 31, 2024"
"41355","PARKER HANNIFIN CORP","PH","Nov. 7, 1985","Dec. 31, 2024"
"42200","PERKINELMER INC","PKI","May 9, 1985","Dec. 31, 2024"
"42534","JOHNSON CONTROLS INC","JCI","May 8, 1986","Sept. 2, 2016"
"42585","SMUCKER J M CO","SJM","Nov. 6, 2008","Dec. 31, 2024"
"42796","MEREDITH CORP","MDP","May 23, 1968","Jan. 3, 2011"
"42906","HUNTINGTON BANCSHARES INC","HBAN","Aug. 6, 1997","Dec. 31, 2024"
"43123","ALLEGHENY TECHNOLOGIES","ATI","Oct. 26, 1978","July 1, 2015"
"43350","STANLEY WORKS","SWK","Sept. 16, 1982","Dec. 31, 2024"
"43449","MCDONALDS CORP","MCD","June 25, 1970","Dec. 31, 2024"
"43553","V F CORP","VFC","May 3, 1979","April 2, 2024"
"43772","BEMIS CO INC","BMS","July 20, 1978","Dec. 4, 2014"
"44206","NORTHEAST UTILITIES","NU","March 17, 2009","Dec. 31, 2024"
"44601","AVERY DENNISON CORP","AVY","Dec. 24, 1987","Dec. 31, 2024"
"44644","AUTOMATIC DATA PROCESSING INC","ADP","Feb. 26, 1981","Dec. 31, 2024"
"44951","SUPERVALU INC","SVU","Jan. 31, 1985","April 30, 2012"
"45241","FOREST LABS INC","FRX","Nov. 22, 2000","June 30, 2014"
"45277","INTERNATIONAL GAME TECHNOLOGY","IGT","Sept. 4, 2001","June 20, 2014"
"45495","ROWAN COMPANIES INC","RDC","Jan. 10, 1985","Aug. 18, 2014"
"45751","MARSH & MCLENNAN COS INC","MMC","Aug. 6, 1987","Dec. 31, 2024"
"45794","SMITH INTERNATIONAL INC","SII","Oct. 2, 2006","Aug. 26, 2010"
"46578","CLOROX CO","CLX","Jan. 16, 1969","Dec. 31, 2024"
"46674","GENUINE PARTS CO","GPC","Nov. 15, 1973","Dec. 31, 2024"
"46703","HOST HOTELS & RESORTS INC","HST","March 20, 2007","Dec. 31, 2024"
"46877","BARD C R INC","BCR","June 12, 1975","Jan. 2, 2018"
"46886","K L A TENCOR CORP","KLAC","Sept. 15, 1997","Dec. 31, 2024"
"47466","NEW YORK TIMES CO","NYT","Nov. 23, 1984","Dec. 17, 2010"
"47896","JPMORGAN CHASE & CO","JPM","July 1, 1976","Dec. 31, 2024"
"47941","GANNETT CO INC","GCI","Dec. 11, 1975","June 1, 2017"
"48267","L S I CORP NEW","LSI","Dec. 13, 1995","May 7, 2014"
"48274","NICOR INC","GAS","Aug. 3, 1989","Dec. 12, 2011"
"48506","MOODYS CORP","MCO","Dec. 27, 1979","Dec. 31, 2024"
"48653","HUMANA INC","HUM","Dec. 1, 1995","Dec. 31, 2024"
"48725","UNION PACIFIC CORP","UNP","July 16, 1969","Dec. 31, 2024"
"49015","LINCOLN NATIONAL CORP","LNC","July 1, 1976","Sept. 15, 2023"
"49154","TARGET CORP","TGT","Dec. 9, 1976","Dec. 31, 2024"
"49373","BLOCK H & R INC","HRB","Nov. 28, 1986","Sept. 18, 2020"
"49656","BANK OF NEW YORK MELLON CORP","BK","March 31, 1995","Dec. 31, 2024"
"49680","DANAHER CORP","DHR","Nov. 18, 1998","Dec. 31, 2024"
"50017","RANGE RESOURCES CORP","RRC","Dec. 21, 2007","June 15, 2018"
"50227","BURLINGTON NORTHERN SANTA FE CP","BNI","March 5, 1970","Feb. 12, 2010"
"50876","LILLY ELI & CO","LLY","Nov. 19, 1970","Dec. 31, 2024"
"51369","TERADYNE INC","TER","Nov. 15, 1999","Dec. 20, 2013"
"51377","NATIONAL SEMICONDUCTOR CORP","NSM","Dec. 9, 1976","Sept. 23, 2011"
"51706","MARSHALL & ILSLEY CORP NEW","MI","Feb. 11, 2002","July 5, 2011"
"52038","SYSCO CORP","SYY","Dec. 18, 1986","Dec. 31, 2024"
"52090","MCCORMICK & CO INC","MKC","March 21, 2003","Dec. 31, 2024"
"52230","ROBERT HALF INTERNATIONAL INC","RHI","Dec. 5, 2000","June 21, 2024"
"52329","JACOBS ENGINEERING GROUP INC","JEC","Oct. 26, 2007","Dec. 31, 2024"
"52337","TENET HEALTHCARE CORP","THC","Feb. 8, 1979","April 15, 2016"
"52476","EQUIFAX INC","EFX","June 19, 1997","Dec. 31, 2024"
"52695","GRAINGER W W INC","GWW","May 14, 1981","Dec. 31, 2024"
"52708","LENNAR CORP","LEN","Oct. 4, 2005","Dec. 31, 2024"
"52978","HASBRO INC","HAS","Sept. 13, 1984","Dec. 31, 2024"
"53065","INTERPUBLIC GROUP COS INC","IPG","Oct. 30, 1992","Dec. 31, 2024"
"53225","WASHINGTON POST CO","WPO","Dec. 31, 2007","Sept. 19, 2014"
"53613","MICRON TECHNOLOGY INC","MU","Sept. 27, 1994","Dec. 31, 2024"
"53866","FAMILY DOLLAR STORES INC","FDO","Aug. 6, 2001","July 8, 2015"
"54148","PULTE HOMES INC","PHM","April 12, 1984","Dec. 31, 2024"
"54181","MILLIPORE CORP","MIL","July 14, 1988","July 14, 2010"
"54827","MOLEX INC","MOLX","Dec. 1, 1999","Dec. 9, 2013"
"55976","WAL MART STORES INC","WMT","Aug. 19, 1982","Dec. 31, 2024"
"56274","CONAGRA INC","CAG","Sept. 1, 1983","Dec. 31, 2024"
"56573","ILLINOIS TOOL WORKS INC","ITW","Feb. 13, 1986","Dec. 31, 2024"
"57568","BALL CORP","BLL","Oct. 4, 1984","Dec. 31, 2024"
"57665","NIKE INC","NKE","Nov. 3, 1988","Dec. 31, 2024"
"57817","NORDSTROM INC","JWN","Aug. 7, 1986","June 19, 2020"
"57904","AFLAC INC","AFL","May 28, 1999","Dec. 31, 2024"
"58246","NORTHERN TRUST CORP","NTRS","Jan. 30, 1998","Dec. 31, 2024"
"58683","SOUTHWEST AIRLINES CO","LUV","July 13, 1994","Dec. 31, 2024"
"59010","GAP INC","GPS","Aug. 21, 1986","Feb. 2, 2022"
"59176","AMERICAN EXPRESS CO","AXP","July 1, 1976","Dec. 31, 2024"
"59192","CHUBB CORP","CB","July 1, 1976","Jan. 15, 2016"
"59248","MOLSON COORS BREWING CO","TAP","July 1, 1976","Dec. 31, 2024"
"59328","INTEL CORP","INTC","Dec. 9, 1976","Dec. 31, 2024"
"59408","BANK OF AMERICA CORP","BAC","July 1, 1976","Dec. 31, 2024"
"59459","TRAVELERS COMPANIES INC","TRV","July 1, 1976","Dec. 31, 2024"
"60097","MEDTRONIC INC","MDT","Oct. 23, 1986","Dec. 31, 2024"
"60206","SNAP ON INC","SNA","Sept. 16, 1982","Dec. 31, 2024"
"60442","P N C FINANCIAL SERVICES GRP INC","PNC","April 14, 1988","Dec. 31, 2024"
"60506","PACCAR INC","PCAR","Oct. 2, 1980","Dec. 31, 2024"
"60599","CENTURYTEL INC","CTL","March 25, 1999","March 17, 2023"
"60628","FEDEX CORP","FDX","Nov. 6, 1980","Dec. 31, 2024"
"60871","ANALOG DEVICES INC","ADI","Oct. 12, 1999","Dec. 31, 2024"
"60943","LEGGETT & PLATT INC","LEG","Oct. 18, 1999","Dec. 17, 2021"
"60986","NEWELL RUBBERMAID INC","NWL","April 27, 1989","Sept. 15, 2023"
"61241","ADVANCED MICRO DEVICES INC","AMD","June 21, 1984","Sept. 20, 2013"
"61399","LOWES COMPANIES INC","LOW","March 1, 1984","Dec. 31, 2024"
"61621","PAYCHEX INC","PAYX","Oct. 1, 1998","Dec. 31, 2024"
"61735","AON CORP","AON","April 23, 1996","Dec. 31, 2024"
"61815","NOBLE ENERGY INC","NBL","Oct. 8, 2007","Oct. 9, 2020"
"62092","THERMO FISHER SCIENTIFIC INC","TMO","Jan. 2, 1997","Dec. 31, 2024"
"62148","C S X CORP","CSX","Nov. 6, 1980","Dec. 31, 2024"
"62308","TORCHMARK CORP","TMK","April 27, 1989","Dec. 31, 2024"
"63765","SOUTHWESTERN ENERGY CO","SWN","June 6, 2008","April 3, 2017"
"63830","PRECISION CASTPARTS CORP","PCP","June 1, 2007","Jan. 29, 2016"
"64186","C I G N A CORP","CI","April 8, 1982","Dec. 31, 2024"
"64282","LIMITED BRANDS INC","LTD","Sept. 15, 1983","Sept. 30, 2024"
"64311","NORFOLK SOUTHERN CORP","NSC","June 3, 1982","Dec. 31, 2024"
"64390","PROGRESSIVE CORP OH","PGR","Aug. 4, 1997","Dec. 31, 2024"
"64653","PUBLIC STORAGE","PSA","Aug. 19, 2005","Dec. 31, 2024"
"64936","DOMINION RESOURCES INC VA NEW","D","May 20, 1983","Dec. 31, 2024"
"64995","KEYCORP NEW","KEY","March 2, 1994","Dec. 31, 2024"
"65330","LEGG MASON INC","LM","April 24, 2006","Dec. 1, 2016"
"65875","VERIZON COMMUNICATIONS INC","VZ","Dec. 1, 1983","Dec. 31, 2024"
"65947","HEALTH CARE REIT INC","HCN","Jan. 30, 2009","Dec. 31, 2024"
"66093","A T & T INC","T","Dec. 1, 1983","Dec. 31, 2024"
"66157","U S BANCORP DEL","USB","Oct. 23, 1995","Dec. 31, 2024"
"66181","HOME DEPOT INC","HD","March 3, 1988","Dec. 31, 2024"
"66325","S L M CORP","SLM","July 1, 1998","April 30, 2014"
"66384","WESTERN DIGITAL CORP","WDC","July 1, 2009","Dec. 31, 2024"
"66800","AMERICAN INTERNATIONAL GROUP INC","AIG","Feb. 14, 1980","Dec. 31, 2024"
"67467","BIG LOTS INC","BIG","Jan. 20, 1998","Feb. 13, 2013"
"67598","H C P INC","HCP","March 31, 2008","Dec. 31, 2024"
"68144","SUNTRUST BANKS INC","STI","May 5, 1988","Dec. 6, 2019"
"68591","ST JUDE MEDICAL INC","STJ","Dec. 1, 1989","Jan. 4, 2017"
"69032","MORGAN STANLEY DEAN WITTER & CO","MS","Sept. 22, 1995","Dec. 31, 2024"
"69550","MYLAN INC","MYL","April 23, 2004","Nov. 16, 2020"
"69796","CONSTELLATION BRANDS INC","STZ","July 5, 2005","Dec. 31, 2024"
"70033","HARLEY DAVIDSON INC","HOG","Jan. 31, 2000","June 19, 2020"
"70308","AIRGAS INC","ARG","Sept. 9, 2009","May 20, 2016"
"70332","ANADARKO PETROLEUM CORP","APC","July 28, 1997","Aug. 8, 2019"
"70500","COCA COLA ENTERPRISES INC","CCE","Oct. 8, 1998","May 27, 2016"
"70519","CITIGROUP INC","C","May 26, 1988","Dec. 31, 2024"
"70536","SIGMA ALDRICH CORP","SIAL","Sept. 21, 1994","Nov. 18, 2015"
"70578","ECOLAB INC","ECL","Jan. 12, 1989","Dec. 31, 2024"
"71175","UNUM GROUP","UNM","March 11, 1994","Sept. 17, 2021"
"71563","B B & T CORP","BBT","Dec. 4, 1997","Dec. 31, 2024"
"72726","STATE STREET CORP","STT","Aug. 15, 1997","Dec. 31, 2024"
"73139","STRYKER CORP","SYK","Dec. 12, 2000","Dec. 31, 2024"
"75034","BAKER HUGHES INC","BHI","April 9, 1987","Dec. 31, 2024"
"75100","TIFFANY & CO NEW","TIF","June 21, 2000","Jan. 6, 2021"
"75154","CARNIVAL CORP","CCL","Dec. 22, 1998","Dec. 31, 2024"
"75186","SCHWAB CHARLES CORP NEW","SCHW","June 2, 1997","Dec. 31, 2024"
"75224","HARMAN INTL INDS INC NEW","HAR","Feb. 1, 2006","March 15, 2017"
"75241","PIONEER NATURAL RESOURCES CO","PXD","Sept. 24, 2008","May 7, 2024"
"75257","TELLABS INC","TLAB","July 3, 1995","Dec. 20, 2011"
"75489","STAPLES INC","SPLS","Oct. 7, 1998","Sept. 15, 2017"
"75510","ADOBE SYSTEMS INC","ADBE","May 6, 1997","Dec. 31, 2024"
"75573","OFFICE DEPOT INC","ODP","June 24, 1999","Dec. 17, 2010"
"75577","ALTERA CORP","ALTR","April 18, 2000","Dec. 28, 2015"
"75592","PLUM CREEK TIMBER CO INC","PCL","Jan. 17, 2002","Feb. 19, 2016"
"75607","SYMANTEC CORP","SYMC","March 31, 2003","Dec. 31, 2024"
"75646","ALLERGAN INC","AGN","Feb. 10, 1992","March 20, 2015"
"75819","VENTAS INC","VTR","March 4, 2009","Dec. 31, 2024"
"75825","EOG RESOURCES INC","EOG","Nov. 2, 2000","Dec. 31, 2024"
"75828","ELECTRONIC ARTS INC","ERTS","July 22, 2002","Dec. 31, 2024"
"76076","CISCO SYSTEMS INC","CSCO","Dec. 31, 1993","Dec. 31, 2024"
"76082","CABOT OIL & GAS CORP","COG","June 23, 2008","Dec. 31, 2024"
"76149","SAFEWAY INC","SWY","Nov. 13, 1998","Jan. 26, 2015"
"76201","XILINX INC","XLNX","Nov. 8, 1999","Feb. 14, 2022"
"76226","C B S CORP NEW","CBS","Sept. 30, 1994","Dec. 31, 2024"
"76240","B J SERVICES CO","BJS","May 15, 2002","April 29, 2010"
"76282","AUTONATION INC DEL","AN","Feb. 24, 2003","Aug. 7, 2017"
"76605","AUTOZONE INC","AZO","Jan. 2, 1997","Dec. 31, 2024"
"76619","COVENTRY HEALTH CARE INC","CVH","Aug. 30, 2005","May 8, 2013"
"76625","CEPHALON INC","CEPH","Nov. 17, 2008","Oct. 14, 2011"
"76639","TOTAL SYSTEM SERVICES INC","TSS","Jan. 2, 2008","Sept. 20, 2019"
"76644","UNITED STATES STEEL CORP NEW","X","May 7, 1991","July 1, 2014"
"76708","DEVRY INC DEL","DV","June 9, 2009","Sept. 28, 2012"
"76712","A E S CORP","AES","Oct. 2, 1998","Dec. 31, 2024"
"76841","BIOGEN IDEC INC","BIIB","Nov. 13, 2003","Dec. 31, 2024"
"77129","KIMCO REALTY CORP","KIM","April 3, 2006","Dec. 31, 2024"
"77157","OWENS ILL INC","OI","Jan. 2, 2009","Dec. 1, 2016"
"77178","QUALCOMM INC","QCOM","July 22, 1999","Dec. 31, 2024"
"77274","GILEAD SCIENCES INC","GILD","July 1, 2004","Dec. 31, 2024"
"77281","WHOLE FOODS MARKET INC","WFMI","Jan. 3, 2006","Aug. 28, 2017"
"77338","ROPER INDUSTRIES INC NEW","ROP","Dec. 23, 2009","Dec. 31, 2024"
"77418","TIME WARNER INC NEW","TWX","Jan. 4, 1999","June 19, 2018"
"77462","MACYS INC","M","Dec. 1, 1995","April 3, 2020"
"77481","EL PASO CORP","EP","Oct. 26, 1999","May 24, 2012"
"77605","BOSTON SCIENTIFIC CORP","BSX","Feb. 24, 1995","Dec. 31, 2024"
"77606","KOHLS CORP","KSS","Aug. 14, 1998","Sept. 18, 2020"
"77659","BED BATH & BEYOND INC","BBBY","Oct. 1, 1999","July 25, 2017"
"77661","D R HORTON INC","DHI","July 5, 2005","Dec. 31, 2024"
"77668","EXPRESS SCRIPTS INC","ESRX","Sept. 26, 2003","Dec. 21, 2018"
"77702","STARBUCKS CORP","SBUX","June 8, 2000","Dec. 31, 2024"
"77730","TYSON FOODS INC","TSN","Aug. 11, 2005","Dec. 31, 2024"
"77768","PRAXAIR INC","PX","July 6, 1992","Oct. 30, 2018"
"77976","MCAFEE INC","MFE","Dec. 23, 2008","Feb. 28, 2011"
"78034","PATTERSON COMPANIES INC","PDCO","Oct. 11, 2005","March 16, 2018"
"78139","COMPUWARE CORP","CPWR","Jan. 4, 1999","Dec. 30, 2011"
"78877","CHESAPEAKE ENERGY CORP","CHK","March 3, 2006","March 16, 2018"
"78916","WATSON PHARMACEUTICALS INC","WPI","April 12, 1999","May 11, 2020"
"78975","INTUIT INC","INTU","Dec. 11, 2000","Dec. 31, 2024"
"78987","MICROCHIP TECHNOLOGY INC","MCHP","Sept. 7, 2007","Dec. 31, 2024"
"79094","JABIL CIRCUIT INC","JBL","Jan. 30, 2001","Nov. 4, 2014"
"79103","O REILLY AUTOMOTIVE INC","ORLY","March 27, 2009","Dec. 31, 2024"
"79212","X T O ENERGY INC","XTO","Dec. 29, 2004","June 25, 2010"
"79265","FLIR SYSTEMS INC","FLIR","Jan. 2, 2009","May 13, 2021"
"79323","ALLSTATE CORP","ALL","July 13, 1995","Dec. 31, 2024"
"79547","EQUITY RESIDENTIAL","EQR","Dec. 3, 2001","Dec. 31, 2024"
"79879","J D S UNIPHASE CORP","JDSU","July 27, 2000","Dec. 20, 2013"
"80080","EASTMAN CHEMICAL CO","EMN","Jan. 4, 1994","Dec. 31, 2024"
"80100","SIMON PROPERTY GROUP INC NEW","SPG","June 26, 2002","Dec. 31, 2024"
"80266","QLOGIC CORP","QLGC","Dec. 12, 2000","Jan. 14, 2011"
"80303","A K STEEL HOLDING CORP","AKS","July 1, 2008","Dec. 16, 2011"
"80381","AVALONBAY COMMUNITIES INC","AVB","Jan. 10, 2007","Dec. 31, 2024"
"80406","PROLOGIS","PLD","July 17, 2003","June 2, 2011"
"80711","APARTMENT INVESTMENT & MGMT CO","AIV","March 14, 2003","Dec. 18, 2020"
"80913","AFFILIATED COMPUTER SERVICES INC","ACS","April 2, 2004","Feb. 5, 2010"
"81055","CAPITAL ONE FINANCIAL CORP","COF","July 1, 1998","Dec. 31, 2024"
"81061","MCKESSON H B O C INC","MCK","Jan. 13, 1999","Dec. 31, 2024"
"81138","APOLLO GROUP INC","APOL","May 15, 2002","June 28, 2013"
"81540","AMERISOURCEBERGEN CORP","ABC","Aug. 30, 2001","Dec. 31, 2024"
"81655","DARDEN RESTAURANTS INC","DRI","May 30, 1995","Dec. 31, 2024"
"81774","FREEPORT MCMORAN COPPER & GOLD","FCX","July 31, 1995","Dec. 31, 2024"
"81776","M E M C ELECTRONIC MATERIALS INC","WFR","May 31, 2007","Dec. 16, 2011"
"81857","CAMERON INTERNATIONAL CORP","CAM","Jan. 29, 2008","April 1, 2016"
"82196","DENBURY RESOURCES INC","DNR","April 2, 2009","March 20, 2015"
"82298","DIAMOND OFFSHORE DRILLING INC","DO","Feb. 26, 2009","Sept. 30, 2016"
"82307","DAVITA INC","DVA","July 31, 2008","Dec. 31, 2024"
"82598","NETAPP INC","NTAP","June 25, 1999","Dec. 31, 2024"
"82618","SANDISK CORP","SNDK","April 20, 2006","May 12, 2016"
"82642","LAUDER ESTEE COS INC","EL","Jan. 5, 2006","Dec. 31, 2024"
"82643","LEXMARK INTERNATIONAL INC NEW","LXK","Aug. 13, 1999","Sept. 28, 2012"
"82651","WATERS CORP","WAT","Jan. 2, 2002","Dec. 31, 2024"
"82686","CITRIX SYSTEMS INC","CTXS","Dec. 1, 1999","Sept. 30, 2022"
"82775","HARTFORD FINANCIAL SVCS GRP INC","HIG","Dec. 20, 1995","Dec. 31, 2024"
"83143","IRON MOUNTAIN INC","IRM","Jan. 6, 2009","Dec. 31, 2024"
"83421","DEAN FOODS CO NEW","DF","April 3, 2006","May 23, 2013"
"83435","YAHOO INC","YHOO","Dec. 8, 1999","June 16, 2017"
"83699","TITANIUM METALS CORP","TIE","Oct. 29, 2007","Dec. 21, 2012"
"83862","E TRADE FINANCIAL CORP","ETFC","April 1, 2004","Oct. 6, 2020"
"83906","STERICYCLE INC","SRCL","Nov. 19, 2008","Nov. 30, 2018"
"83976","ABERCROMBIE & FITCH CO","ANF","March 29, 2007","Dec. 20, 2013"
"84020","I M S HEALTH INC","RX","Nov. 1, 1996","Feb. 26, 2010"
"84032","NATIONAL OILWELL VARCO INC","NOV","March 14, 2005","Sept. 17, 2021"
"84129","ZIONS BANCORPORATION","ZION","June 25, 2001","March 15, 2024"
"84342","MONSTER WORLDWIDE INC","MWW","June 4, 2001","Dec. 16, 2011"
"84373","QUEST DIAGNOSTICS INC","DGX","Dec. 12, 2002","Dec. 31, 2024"
"84381","ROCKWELL AUTOMATION INC","ROK","Dec. 9, 1996","Dec. 31, 2024"
"84769","AMPHENOL CORP NEW","APH","Sept. 30, 2008","Dec. 31, 2024"
"84788","AMAZON COM INC","AMZN","Nov. 21, 2005","Dec. 31, 2024"
"85032","QWEST COMMUNICATIONS INTL INC","Q","July 6, 2000","March 31, 2011"
"85058","BOSTON PROPERTIES INC","BXP","April 3, 2006","Dec. 31, 2024"
"85072","POLO RALPH LAUREN CORP","RL","Feb. 2, 2007","Dec. 31, 2024"
"85269","VALERO ENERGY CORP NEW","VLO","April 29, 2004","Dec. 31, 2024"
"85348","YUM BRANDS INC","YUM","Oct. 7, 1997","Dec. 31, 2024"
"85459","CH ROBINSON WORLDWIDE INC","CHRW","March 2, 2007","Dec. 31, 2024"
"85631","AUTODESK INC","ADSK","Dec. 21, 1989","Dec. 31, 2024"
"85753","VERISIGN INC","VRSN","Feb. 1, 2006","Dec. 31, 2024"
"85792","QUANTA SERVICES INC","PWR","July 1, 2009","Dec. 31, 2024"
"85913","MARRIOTT INTERNATIONAL INC NEW","MAR","May 21, 1998","Dec. 31, 2024"
"85914","BEST BUY COMPANY INC","BBY","June 30, 1999","Dec. 31, 2024"
"85926","SEALED AIR CORP NEW","SEE","April 1, 1998","Dec. 15, 2023"
"85963","BROADCOM CORP","BRCM","July 3, 2000","Jan. 29, 2016"
"86021","L 3 COMMUNICATIONS HLDGS INC","LLL","Dec. 1, 2004","June 28, 2019"
"86102","FEDERATED INVESTORS INC PA","FII","April 16, 2003","Dec. 31, 2012"
"86111","AMERICAN TOWER CORP","AMT","Nov. 19, 2007","Dec. 31, 2024"
"86136","SEMPRA ENERGY","SRE","June 30, 1998","Dec. 31, 2024"
"86158","COGNIZANT TECHNOLOGY SOLS CORP","CTSH","Nov. 17, 2006","Dec. 31, 2024"
"86176","KING PHARMACEUTICALS INC","KG","Oct. 3, 2000","Dec. 17, 2010"
"86228","REPUBLIC SERVICES INC","RSG","Dec. 5, 2008","Dec. 31, 2024"
"86314","X L CAPITAL LTD","XL","Sept. 4, 2001","Sept. 14, 2018"
"86356","EBAY INC","EBAY","July 22, 2002","Dec. 31, 2024"
"86580","NVIDIA CORP","NVDA","Nov. 30, 2001","Dec. 31, 2024"
"86725","LIFE TECHNOLOGIES CORP","LIFE","Nov. 24, 2008","Jan. 23, 2014"
"86756","PEPSI BOTTLING GROUP INC","PBG","May 14, 2001","Feb. 26, 2010"
"86783","PRICELINE COM INC","PCLN","Nov. 6, 2009","Dec. 31, 2024"
"86799","CONSOL ENERGY INC","CNX","June 28, 2006","March 3, 2016"
"86868","GOLDMAN SACHS GROUP INC","GS","July 22, 2002","Dec. 31, 2024"
"86946","REYNOLDS AMERICAN INC","RAI","Sept. 4, 2002","July 25, 2017"
"86979","JUNIPER NETWORKS INC","JNPR","June 2, 2006","Dec. 31, 2024"
"87055","COSTCO WHOLESALE CORP NEW","COST","Oct. 22, 1993","Dec. 31, 2024"
"87070","HUDSON CITY BANCORP INC","HCBK","Feb. 15, 2007","Nov. 2, 2015"
"87137","DEVON ENERGY CORP NEW","DVN","Aug. 30, 2000","Dec. 31, 2024"
"87184","RED HAT INC","RHT","July 27, 2009","July 12, 2019"
"87292","PACTIV CORP","PTV","Nov. 5, 1999","Nov. 16, 2010"
"87299","AKAMAI TECHNOLOGIES INC","AKAM","July 12, 2007","Dec. 31, 2024"
"87432","AGILENT TECHNOLOGIES INC","A","June 5, 2000","Dec. 31, 2024"
"87447","UNITED PARCEL SERVICE INC","UPS","July 22, 2002","Dec. 31, 2024"
"87717","EXPEDITORS INTERNATIONAL WA INC","EXPD","Oct. 10, 2007","Dec. 31, 2024"
"87842","METLIFE INC","MET","Dec. 11, 2000","Dec. 31, 2024"
"88313","JANUS CAP GROUP INC","JNS","July 13, 2000","Nov. 22, 2011"
"88352","INTUITIVE SURGICAL INC","ISRG","June 2, 2008","Dec. 31, 2024"
"88590","DUN & BRADSTREET CORP DEL NEW","DNB","Dec. 2, 2008","April 4, 2017"
"88661","COACH INC","COH","Sept. 1, 2004","Dec. 31, 2024"
"88668","MONSANTO CO NEW","MON","Aug. 14, 2002","June 6, 2018"
"88845","AETNA INC NEW","AET","Dec. 14, 2000","Nov. 30, 2018"
"88853","FLUOR CORP NEW","FLR","Dec. 22, 2000","June 3, 2019"
"88991","PEABODY ENERGY CORP","BTU","Nov. 20, 2006","Sept. 19, 2014"
"89003","FIDELITY NATIONAL INFO SVCS INC","FIS","Nov. 10, 2006","Dec. 31, 2024"
"89004","F M C TECHNOLOGIES INC","FTI","June 5, 2009","Jan. 13, 2017"
"89006","KRAFT FOODS INC","KFT","April 2, 2007","Dec. 31, 2024"
"89014","ROCKWELL COLLINS INC","COL","July 2, 2001","Nov. 30, 2018"
"89070","ZIMMER HOLDINGS INC","ZMH","Aug. 7, 2001","Dec. 31, 2024"
"89179","WELLPOINT INC","WLP","July 25, 2002","Dec. 31, 2024"
"89195","PRINCIPAL FINANCIAL GROUP INC","PFG","July 22, 2002","Dec. 31, 2024"
"89258","PRUDENTIAL FINANCIAL INC","PRU","July 22, 2002","Dec. 31, 2024"
"89301","GAMESTOP CORP NEW","GME","Dec. 14, 2007","April 22, 2016"
"89525","COMCAST CORP NEW","CMCSA","Nov. 19, 2002","Dec. 31, 2024"
"89533","WYNN RESORTS LTD","WYNN","Nov. 14, 2008","Dec. 31, 2024"
"89626","C M E GROUP INC","CME","Aug. 11, 2006","Dec. 31, 2024"
"89757","SEARS HOLDINGS CORP","SHLD","March 28, 2005","Sept. 4, 2012"
"89813","MEDCO HEALTH SOLUTIONS INC","MHS","Aug. 20, 2003","April 3, 2012"
"89954","DIRECTV","DTV","Dec. 4, 2006","July 28, 2015"
"90038","ASSURANT INC","AIZ","April 10, 2007","Dec. 31, 2024"
"90110","HOSPIRA INC","HSP","May 3, 2004","Sept. 2, 2015"
"90162","GENWORTH FINANCIAL INC","GNW","Dec. 2, 2005","Nov. 17, 2015"
"90199","C B RICHARD ELLIS GROUP INC","CBG","Nov. 10, 2006","Dec. 31, 2024"
"90215","SALESFORCE COM INC","CRM","Sept. 15, 2008","Dec. 31, 2024"
"90319","GOOGLE INC","GOOG","April 3, 2006","Dec. 31, 2024"
"90441","NEWS CORP","NWSA","Dec. 20, 2004","March 19, 2019"
"90601","NASDAQ O M X GROUP INC","NDAQ","Oct. 22, 2008","Dec. 31, 2024"
"90609","NOVELL INC","NOVL","Nov. 1, 1991","April 27, 2011"
"90808","EXPEDIA INC DE","EXPE","Oct. 2, 2007","Dec. 31, 2024"
"90829","C F INDUSTRIES HOLDINGS INC","CF","Aug. 27, 2008","Dec. 31, 2024"
"90880","AMERIPRISE FINANCIAL INC","AMP","Oct. 3, 2005","Dec. 31, 2024"
"90993","INTERCONTINENTALEXCHANGE INC","ICE","Sept. 26, 2007","Dec. 31, 2024"
"91063","VIACOM INC NEW","VIA","Jan. 3, 2006","Dec. 4, 2019"
"91143","N Y S E EURONEXT","NYX","Oct. 25, 2007","Nov. 12, 2013"
"91207","STARWOOD HOTELS & REST WLDWD INC","HOT","April 10, 2006","Sept. 22, 2016"
"91233","MASTERCARD INC","MA","July 18, 2008","Dec. 31, 2024"
"91391","WINDSTREAM CORP","WIN","July 18, 2006","April 6, 2015"
"91392","WYNDHAM WORLDWIDE CORP","WYN","Aug. 1, 2006","May 30, 2018"
"91461","WESTERN UNION CO","WU","Oct. 2, 2006","Dec. 17, 2021"
"91547","S A I C INC","SAI","Dec. 21, 2009","Sept. 20, 2013"
"91556","ROSS STORES INC","ROST","Dec. 21, 2009","Dec. 31, 2024"
"91611","FIRST SOLAR INC","FSLR","Oct. 16, 2009","March 17, 2017"
"91650","SPECTRA ENERGY CORP","SE","Jan. 3, 2007","Feb. 27, 2017"
"91883","TIME WARNER CABLE INC","TWC","March 30, 2009","May 17, 2016"
"91937","METROPCS COMMUNICATIONS INC","PCS","June 30, 2009","April 30, 2013"
"92121","DISCOVER FINANCIAL SERVICES","DFS","July 2, 2007","Dec. 31, 2024"
"92293","TERADATA CORP DE","TDC","Oct. 1, 2007","June 16, 2017"
"92602","PHILIP MORRIS INTERNATIONAL INC","PM","March 31, 2008","Dec. 31, 2024"
"92611","VISA INC","V","Dec. 21, 2009","Dec. 31, 2024"
"92618","DR PEPPER SNAPPLE GROUP INC","DPS","Oct. 7, 2008","June 29, 2018"
"92655","UNITEDHEALTH GROUP INC","UNH","July 1, 1994","Dec. 31, 2024"
"92709","SCRIPPS NETWORKS INTERACTIVE INC","SNI","July 1, 2008","March 6, 2018"
"92890","MEAD JOHNSON NUTRITION CO","MJN","Dec. 21, 2009","June 16, 2017"
"92988","CAREFUSION CORP","CFN","Sept. 1, 2009","March 17, 2015"

