"PERMNO","Company Name","Ticker","SP500 Start","SP500 End"
"10078","SUN MICROSYSTEMS INC","SUNW","Aug. 20, 1992","Jan. 28, 2010"
"10104","ORACLE CORP","ORCL","Aug. 3, 1989","Dec. 31, 2024"
"10107","MICROSOFT CORP","MSFT","June 7, 1994","Dec. 31, 2024"
"10108","SUNGARD DATA SYSTEMS INC","SDS","July 22, 2002","Aug. 11, 2005"
"10137","ALLEGHENY ENERGY INC","AYE","Dec. 11, 2000","Feb. 25, 2011"
"10138","T ROWE PRICE GROUP INC","TROW","Oct. 13, 1999","Dec. 31, 2024"
"10145","HONEYWELL INTERNATIONAL INC","HON","Dec. 31, 1925","Dec. 31, 2024"
"10147","E M C CORP MA","EMC","March 28, 1996","Sept. 7, 2016"
"10225","FORTUNE BRANDS INC","FO","Dec. 31, 1925","April 30, 2014"
"10299","LINEAR TECHNOLOGY CORP","LLTC","April 3, 2000","March 10, 2017"
"10324","GENZYME CORP","GENZ","Dec. 14, 2001","April 1, 2011"
"10401","A T & T CORP","T","March 1, 1957","Nov. 18, 2005"
"10516","ARCHER DANIELS MIDLAND CO","ADM","July 30, 1981","Dec. 31, 2024"
"10562","SOVEREIGN BANCORP INC","SOV","July 1, 2004","Jan. 29, 2009"
"10696","FISERV INC","FISV","April 2, 2001","Dec. 31, 2024"
"10874","BRUNSWICK CORP","BC","March 1, 1973","June 20, 2008"
"10890","UNISYS CORP","UIS","April 20, 1954","Nov. 10, 2008"
"10942","COMVERSE TECHNOLOGY INC","CMVT","Oct. 27, 1999","Jan. 31, 2007"
"11081","DELL INC","DELL","Sept. 6, 1996","Oct. 28, 2013"
"11308","COCA COLA CO","KO","March 1, 1957","Dec. 31, 2024"
"11404","CONSOLIDATED EDISON INC","ED","Dec. 31, 1925","Dec. 31, 2024"
"11607","DANA CORP","DCN","March 1, 1957","March 2, 2006"
"11674","D T E ENERGY CO","DTE","Dec. 31, 1925","Dec. 31, 2024"
"11703","DU PONT E I DE NEMOURS & CO","DD","March 1, 1957","Aug. 31, 2017"
"11754","EASTMAN KODAK CO","EK","Dec. 31, 1925","Dec. 17, 2010"
"11762","EATON CORP","ETN","March 1, 1957","Dec. 31, 2024"
"11850","EXXON MOBIL CORP","XOM","Dec. 31, 1925","Dec. 31, 2024"
"11896","MAXIM INTEGRATED PRODUCTS INC","MXIM","May 10, 2000","Sept. 26, 2007"
"11955","WASTE MANAGEMENT INC DEL","WMI","July 17, 1998","Dec. 31, 2024"
"11970","AMERICAN POWER CONVERSION CORP","APCC","June 1, 2000","Feb. 14, 2007"
"11976","B M C SOFTWARE INC","BMC","Oct. 1, 1998","Sept. 10, 2013"
"12052","GENERAL DYNAMICS CORP","GD","March 1, 1957","Dec. 31, 2024"
"12060","GENERAL ELECTRIC CO","GE","March 1, 1957","Dec. 31, 2024"
"12062","LABORATORY CORP AMERICA HLDGS","LH","Nov. 1, 2004","Dec. 31, 2024"
"12067","NOVELLUS SYSTEMS INC","NVLS","June 19, 2000","June 4, 2012"
"12079","GENERAL MOTORS CORP","GM","Dec. 31, 1925","June 2, 2009"
"12140","GOODRICH CORP","GR","March 1, 1957","July 30, 2012"
"12431","INGERSOLL RAND CO LTD","IR","March 1, 1957","June 30, 2009"
"12490","INTERNATIONAL BUSINESS MACHS COR","IBM","March 1, 1957","Dec. 31, 2024"
"12503","NAVISTAR INTERNATIONAL CORP","NAV","Dec. 31, 1925","Dec. 19, 2006"
"12570","I T T INDUSTRIES INC IND","ITT","March 1, 1957","Oct. 31, 2011"
"13100","MAY DEPARTMENT STORES CO","MAY","June 7, 1944","Aug. 29, 2005"
"13119","MAYTAG CORP","MYG","Dec. 14, 1960","March 31, 2006"
"13688","P G & E CORP","PCG","Dec. 31, 1925","Jan. 17, 2019"
"13821","PEOPLES ENERGY CORP","PGL","April 15, 1940","Feb. 21, 2007"
"13856","PEPSICO INC","PEP","March 1, 1957","Dec. 31, 2024"
"13901","ALTRIA GROUP INC","MO","March 1, 1957","Dec. 31, 2024"
"13928","CONOCOPHILLIPS","COP","March 1, 1957","Dec. 31, 2024"
"14008","AMGEN INC","AMGN","Jan. 2, 1992","Dec. 31, 2024"
"14277","SCHLUMBERGER LTD","SLB","March 4, 1965","Dec. 31, 2024"
"14322","SEARS ROEBUCK & CO","S","Dec. 31, 1925","March 24, 2005"
"14323","ANDREW CORP","ANDW","Nov. 23, 1984","Sept. 29, 2006"
"14541","CHEVRONTEXACO CORP","CVX","Dec. 31, 1925","Dec. 31, 2024"
"14593","APPLE COMPUTER INC","AAPL","Nov. 18, 1982","Dec. 31, 2024"
"14656","SUNOCO INC","SUN","March 6, 1969","Oct. 4, 2012"
"14702","APPLIED MATERIALS INC","AMAT","March 16, 1995","Dec. 31, 2024"
"14891","UNOCAL CORP","UCL","March 1, 1957","Aug. 10, 2005"
"15069","MARATHON OIL CORP","MRO","Dec. 31, 1925","Nov. 25, 2024"
"15077","U S T INC","UST","April 9, 1987","Jan. 5, 2009"
"15202","VULCAN MATERIALS CO","VMC","July 1, 1999","Dec. 31, 2024"
"15472","WRIGLEY WILLIAM JR CO","WWY","March 1, 1957","Oct. 6, 2008"
"15560","RADIOSHACK CORP","RSH","March 1, 1973","June 30, 2011"
"15579","TEXAS INSTRUMENTS INC","TXN","March 25, 1959","Dec. 31, 2024"
"15667","WYETH","WYE","March 1, 1957","Oct. 15, 2009"
"15720","EDISON INTERNATIONAL","EIX","Dec. 31, 1925","Dec. 31, 2024"
"16424","GILLETTE CO","G","Oct. 26, 1960","Sept. 30, 2005"
"16432","GOODYEAR TIRE & RUBBER CO","GT","Dec. 31, 1925","Feb. 26, 2019"
"16600","HERSHEY FOODS CORP","HSY","March 1, 1957","Dec. 31, 2024"
"16678","KROGER CO","KR","March 1, 1957","Dec. 31, 2024"
"17005","C V S CORP","CVS","March 1, 1957","Dec. 31, 2024"
"17144","GENERAL MILLS INC","GIS","Feb. 13, 1969","Dec. 31, 2024"
"17478","MCGRAW HILL COS INC","MHP","March 1, 1957","Dec. 31, 2024"
"17750","KIMBERLY CLARK CORP","KMB","March 1, 1957","Dec. 31, 2024"
"17806","PHELPS DODGE CORP","PD","March 1, 1957","March 19, 2007"
"17830","UNITED TECHNOLOGIES CORP","UTX","March 1, 1957","Dec. 31, 2024"
"18016","HERCULES INC","HPC","March 1, 1957","Nov. 13, 2008"
"18092","BIOMET INC","BMET","Aug. 23, 1990","July 11, 2007"
"18163","PROCTER & GAMBLE CO","PG","March 1, 1957","Dec. 31, 2024"
"18403","PENNEY J C CO INC","JCP","March 1, 1957","Nov. 29, 2013"
"18411","SOUTHERN CO","SO","June 7, 1944","Dec. 31, 2024"
"18542","CATERPILLAR INC","CAT","March 1, 1957","Dec. 31, 2024"
"18729","COLGATE PALMOLIVE CO","CL","March 1, 1957","Dec. 31, 2024"
"19350","DEERE & CO","DE","March 1, 1957","Dec. 31, 2024"
"19393","BRISTOL MYERS SQUIBB CO","BMY","March 1, 1957","Dec. 31, 2024"
"19502","WALGREEN CO","WAG","Oct. 11, 1979","Dec. 31, 2024"
"19561","BOEING CO","BA","March 1, 1957","Dec. 31, 2024"
"20053","SYNOVUS FINANCIAL CORP","SNV","Nov. 28, 1997","Dec. 31, 2007"
"20220","BLACK & DECKER CORP","BDK","Jan. 15, 1976","March 12, 2010"
"20482","ABBOTT LABORATORIES","ABT","March 1, 1957","Dec. 31, 2024"
"20626","DOW CHEMICAL CO","DOW","April 20, 1954","Aug. 31, 2017"
"21178","LOCKHEED MARTIN CORP","LMT","July 19, 1984","Dec. 31, 2024"
"21186","MEADWESTVACO CORP","MWV","March 1, 1957","July 5, 2024"
"21207","NEWMONT MINING CORP","NEM","May 15, 1969","Dec. 31, 2024"
"21371","CARDINAL HEALTH INC","CAH","May 27, 1997","Dec. 31, 2024"
"21573","INTERNATIONAL PAPER CO","IP","Dec. 31, 1925","Dec. 31, 2024"
"21776","EXELON CORP","EXC","June 7, 1944","Dec. 31, 2024"
"21792","CENTERPOINT ENERGY INC","CNP","July 25, 1985","Dec. 31, 2024"
"21936","PFIZER INC","PFE","March 1, 1957","Dec. 31, 2024"
"21979","COOPER INDUSTRIES LTD","CBE","March 1, 1957","Sept. 8, 2009"
"22032","COMPASS BANCSHARES INC","CBSS","Dec. 20, 2004","Sept. 6, 2007"
"22103","EMERSON ELECTRIC CO","EMR","Jan. 7, 1965","Dec. 31, 2024"
"22111","JOHNSON & JOHNSON","JNJ","May 31, 1973","Dec. 31, 2024"
"22293","CORNING INC","GLW","March 1, 1957","Dec. 31, 2024"
"22509","P P G INDUSTRIES INC","PPG","March 1, 1957","Dec. 31, 2024"
"22517","P P L CORP","PPL","Nov. 27, 1995","Dec. 31, 2024"
"22592","3M CO","MMM","March 1, 1957","Dec. 31, 2024"
"22752","MERCK & CO INC","MRK","March 1, 1957","Dec. 31, 2024"
"22779","MOTOROLA INC","MOT","March 1, 1957","Dec. 31, 2024"
"22840","SARA LEE CORP","SLE","Sept. 10, 1981","June 28, 2012"
"22947","CINERGY CORP","CIN","Oct. 25, 1994","March 31, 2006"
"23026","FIRSTENERGY CORP","FE","July 10, 1957","Dec. 31, 2024"
"23077","HEINZ H J CO","HNZ","March 1, 1957","June 6, 2013"
"23114","PROGRESS ENERGY INC","PGN","Aug. 24, 1989","June 29, 2012"
"23229","C M S ENERGY CORP","CMS","May 3, 1999","Dec. 31, 2024"
"23309","HILTON HOTELS CORP","HLT","April 23, 1970","Oct. 24, 2007"
"23318","CHIRON CORP","CHIR","Nov. 24, 2000","April 19, 2006"
"23473","CINCINNATI FINANCIAL CORP","CINF","Dec. 18, 1997","Dec. 31, 2024"
"23579","TEXTRON INC","TXT","Oct. 5, 1978","Dec. 31, 2024"
"23660","CINTAS CORP","CTAS","March 1, 2001","Dec. 31, 2024"
"23712","PUBLIC SERVICE ENTERPRISE GP INC","PEG","July 7, 1948","Dec. 31, 2024"
"23819","HALLIBURTON CO","HAL","March 1, 1957","Dec. 31, 2024"
"23887","CITIZENS COMMUNICATIONS CO","CZN","Feb. 27, 2001","March 17, 2017"
"23915","GEORGIA PACIFIC CORP","GP","Feb. 20, 1964","Dec. 19, 2005"
"23931","X C E L ENERGY INC","XEL","July 6, 1949","Dec. 31, 2024"
"23990","ROHM & HAAS CO","ROH","Sept. 16, 1982","April 1, 2009"
"24010","ENTERGY CORP NEW","ETR","March 1, 1957","Dec. 31, 2024"
"24046","CLEAR CHANNEL COMMUNICATIONS INC","CCU","Sept. 2, 1997","July 30, 2008"
"24109","AMERICAN ELECTRIC POWER CO INC","AEP","Sept. 6, 1951","Dec. 31, 2024"
"24205","F P L GROUP INC","FPL","July 1, 1976","Dec. 31, 2024"
"24221","CONSTELLATION ENERGY GROUP INC","CEG","March 1, 1957","March 13, 2012"
"24272","ASHLAND INC","ASH","Aug. 3, 1989","Nov. 13, 2008"
"24360","KEYSPAN CORP","KSE","Aug. 21, 2000","Aug. 24, 2007"
"24459","PITNEY BOWES INC","PBI","March 1, 1957","Feb. 28, 2017"
"24563","T X U CORP","TXU","March 1, 1957","Oct. 9, 2007"
"24643","ALCOA INC","AA","March 1, 1957","Dec. 31, 2024"
"24766","NORTHROP GRUMMAN CORP","NOC","June 13, 1985","Dec. 31, 2024"
"24942","RAYTHEON CO","RTN","March 1, 1957","April 3, 2020"
"24985","AMEREN CORP","AEE","Sept. 20, 1991","Dec. 31, 2024"
"25013","SCHERING PLOUGH CORP","SGP","March 1, 1957","Nov. 3, 2009"
"25081","COMERICA INC","CMA","Dec. 1, 1995","June 21, 2024"
"25320","CAMPBELL SOUP CO","CPB","March 1, 1957","Dec. 31, 2024"
"25419","WHIRLPOOL CORP","WHR","April 1, 1959","March 15, 2024"
"25487","CENDANT CORP","CD","May 1, 1995","July 31, 2006"
"25769","KERR MCGEE CORP","KMG","Oct. 4, 1984","Aug. 10, 2006"
"25778","COMPUTER ASSOCIATES INTL INC","CA","July 9, 1987","Nov. 5, 2018"
"25785","FORD MOTOR CO DEL","F","March 1, 1957","Dec. 31, 2024"
"25953","DOVER CORP","DOV","Oct. 24, 1985","Dec. 31, 2024"
"26112","DELTA AIR LINES INC","DAL","Feb. 1, 1968","Aug. 18, 2005"
"26403","DISNEY WALT CO","DIS","July 1, 1976","Dec. 31, 2024"
"26518","BAUSCH & LOMB INC","BOL","May 8, 1986","Oct. 26, 2007"
"26710","LOEWS CORP","LTR","May 10, 1995","Dec. 31, 2024"
"26825","KELLOGG CO","K","April 26, 1961","Dec. 31, 2024"
"27430","COOPER TIRE & RUBBER CO","CTB","May 25, 1990","July 17, 2006"
"27633","RYDER SYSTEMS INC","R","Dec. 30, 1982","June 16, 2017"
"27713","APPLERA CORP","ABI","Oct. 17, 1974","Nov. 21, 2008"
"27828","HEWLETT PACKARD CO","HPQ","Oct. 17, 1974","Dec. 31, 2024"
"27887","BAXTER INTERNATIONAL INC","BAX","Sept. 14, 1972","Dec. 31, 2024"
"27959","DUKE ENERGY CORP","DUK","July 1, 1976","Dec. 31, 2024"
"27983","XEROX CORP","XRX","Sept. 5, 1963","March 19, 2021"
"27991","PINNACLE WEST CAPITAL CORP","PNW","Oct. 4, 1999","Dec. 31, 2024"
"28222","AIR PRODUCTS & CHEMICALS INC","APD","April 11, 1985","Dec. 31, 2024"
"28484","AMERADA HESS CORP","AHC","May 17, 1984","Dec. 31, 2024"
"29102","NABORS INDUSTRIES LTD","NBR","Oct. 18, 2000","March 20, 2015"
"29946","BROWN FORMAN CORP","BF","Oct. 14, 1982","Dec. 31, 2024"
"30382","DOLLAR GENERAL CORP","DG","July 16, 1998","July 6, 2007"
"30681","OMNICOM GROUP INC","OMC","Dec. 24, 1997","Dec. 31, 2024"
"32379","GREAT LAKES CHEM CORP","GLK","Nov. 25, 1991","July 1, 2005"
"34032","MASCO CORP","MAS","June 18, 1981","Dec. 31, 2024"
"34746","FIFTH THIRD BANCORP","FITB","March 8, 1996","Dec. 31, 2024"
"34817","NUCOR CORP","NUE","April 18, 1985","Dec. 31, 2024"
"34833","OCCIDENTAL PETROLEUM CORP","OXY","Dec. 9, 1982","Dec. 31, 2024"
"35044","REGIONS FINANCIAL CORP NEW","RF","Aug. 28, 1998","Dec. 31, 2024"
"35051","PALL CORP","PLL","Dec. 31, 1987","Aug. 28, 2015"
"35554","M & T BANK CORP","MTB","Feb. 27, 2004","Dec. 31, 2024"
"36397","FIRST HORIZON NATIONAL CORP","FHN","May 6, 2002","June 21, 2013"
"36468","SHERWIN WILLIAMS CO","SHW","May 14, 1964","Dec. 31, 2024"
"36469","WACHOVIA CORP 2ND NEW","WB","Feb. 9, 1989","Dec. 31, 2008"
"37161","T E C O ENERGY INC","TE","Oct. 10, 2001","June 30, 2016"
"37584","FRANKLIN RESOURCES INC","BEN","April 29, 1998","Dec. 31, 2024"
"38156","WILLIAMS COS","WMB","Feb. 6, 1975","Dec. 31, 2024"
"38682","DONNELLEY R R & SONS CO","RRD","July 19, 1984","Dec. 11, 2012"
"38703","WELLS FARGO & CO NEW","WFC","July 1, 1976","Dec. 31, 2024"
"38762","NISOURCE INC","NI","Nov. 2, 2000","Dec. 31, 2024"
"39087","SPRINT CORP","FON","July 27, 1989","July 8, 2013"
"39490","APACHE CORP","APA","July 28, 1997","Dec. 31, 2024"
"39538","MATTEL INC","MAT","March 11, 1982","June 6, 2019"
"39642","BECTON DICKINSON & CO","BDX","Sept. 14, 1972","Dec. 31, 2024"
"39917","WEYERHAEUSER CO","WY","Dec. 5, 1963","Dec. 31, 2024"
"40061","TEKTRONIX INC","TEK","Feb. 23, 1967","Nov. 15, 2007"
"40125","COMPUTER SCIENCES CORP","CSC","May 14, 1981","Nov. 30, 2015"
"40272","INTERNATIONAL FLAVORS & FRAG INC","IFF","March 4, 1976","Dec. 31, 2024"
"40416","AVON PRODUCTS INC","AVP","May 18, 1967","March 20, 2015"
"40539","T J X COMPANIES INC NEW","TJX","Sept. 26, 1985","Dec. 31, 2024"
"41080","CUMMINS INC","CMI","Jan. 7, 1965","Dec. 31, 2024"
"41355","PARKER HANNIFIN CORP","PH","Nov. 7, 1985","Dec. 31, 2024"
"41443","ALLTEL CORP","AT","Dec. 21, 1994","Nov. 16, 2007"
"42024","OFFICEMAX INC NEW","OMX","April 23, 1970","June 20, 2008"
"42083","ALBERTO CULVER CO","ACV","March 4, 1971","Nov. 16, 2006"
"42200","PERKINELMER INC","PKI","May 9, 1985","Dec. 31, 2024"
"42534","JOHNSON CONTROLS INC","JCI","May 8, 1986","Sept. 2, 2016"
"42796","MEREDITH CORP","MDP","May 23, 1968","Jan. 3, 2011"
"42906","HUNTINGTON BANCSHARES INC","HBAN","Aug. 6, 1997","Dec. 31, 2024"
"43123","ALLEGHENY TECHNOLOGIES","ATI","Oct. 26, 1978","July 1, 2015"
"43350","STANLEY WORKS","SWK","Sept. 16, 1982","Dec. 31, 2024"
"43449","MCDONALDS CORP","MCD","June 25, 1970","Dec. 31, 2024"
"43553","V F CORP","VFC","May 3, 1979","April 2, 2024"
"43772","BEMIS CO INC","BMS","July 20, 1978","Dec. 4, 2014"
"44601","AVERY DENNISON CORP","AVY","Dec. 24, 1987","Dec. 31, 2024"
"44644","AUTOMATIC DATA PROCESSING INC","ADP","Feb. 26, 1981","Dec. 31, 2024"
"44951","SUPERVALU INC","SVU","Jan. 31, 1985","April 30, 2012"
"45241","FOREST LABS INC","FRX","Nov. 22, 2000","June 30, 2014"
"45277","INTERNATIONAL GAME TECHNOLOGY","IGT","Sept. 4, 2001","June 20, 2014"
"45356","TYCO INTERNATIONAL LTD NEW","TYC","July 27, 1989","March 16, 2009"
"45495","ROWAN COMPANIES INC","RDC","Jan. 10, 1985","Aug. 18, 2014"
"45671","SCIENTIFIC ATLANTA INC","SFA","Feb. 26, 1981","Feb. 24, 2006"
"45751","MARSH & MCLENNAN COS INC","MMC","Aug. 6, 1987","Dec. 31, 2024"
"46578","CLOROX CO","CLX","Jan. 16, 1969","Dec. 31, 2024"
"46674","GENUINE PARTS CO","GPC","Nov. 15, 1973","Dec. 31, 2024"
"46877","BARD C R INC","BCR","June 12, 1975","Jan. 2, 2018"
"46886","K L A TENCOR CORP","KLAC","Sept. 15, 1997","Dec. 31, 2024"
"47175","CIRCUIT CITY STORES INC","CC","May 11, 1989","March 28, 2008"
"47466","NEW YORK TIMES CO","NYT","Nov. 23, 1984","Dec. 17, 2010"
"47896","JPMORGAN CHASE & CO","JPM","July 1, 1976","Dec. 31, 2024"
"47941","GANNETT CO INC","GCI","Dec. 11, 1975","June 1, 2017"
"48267","L S I LOGIC CORP","LSI","Dec. 13, 1995","May 7, 2014"
"48274","NICOR INC","GAS","Aug. 3, 1989","Dec. 12, 2011"
"48485","JEFFERSON PILOT CORP","JP","July 1, 1976","March 31, 2006"
"48506","MOODYS CORP","MCO","Dec. 27, 1979","Dec. 31, 2024"
"48653","HUMANA INC","HUM","Dec. 1, 1995","Dec. 31, 2024"
"48725","UNION PACIFIC CORP","UNP","July 16, 1969","Dec. 31, 2024"
"48960","KNIGHT RIDDER INC","KRI","Dec. 11, 1975","June 27, 2006"
"49015","LINCOLN NATIONAL CORP","LNC","July 1, 1976","Sept. 15, 2023"
"49154","TARGET CORP","TGT","Dec. 9, 1976","Dec. 31, 2024"
"49373","BLOCK H & R INC","HRB","Nov. 28, 1986","Sept. 18, 2020"
"49429","DILLARDS INC","DDS","Oct. 2, 1986","Oct. 21, 2008"
"49656","BANK NEW YORK INC","BK","March 31, 1995","Dec. 31, 2024"
"49680","DANAHER CORP","DHR","Nov. 18, 1998","Dec. 31, 2024"
"49905","LIZ CLAIBORNE INC","LIZ","Oct. 25, 1984","Dec. 1, 2008"
"50032","ALBERTSONS INC","ABS","Nov. 23, 1984","June 1, 2006"
"50227","BURLINGTON NORTHERN SANTA FE CP","BNI","March 5, 1970","Feb. 12, 2010"
"50876","LILLY ELI & CO","LLY","Nov. 19, 1970","Dec. 31, 2024"
"50906","A D C TELECOMMUNICATIONS INC","ADCT","Aug. 2, 1999","June 29, 2007"
"51043","FEDERAL NATIONAL MORTGAGE ASSN","FNM","Aug. 11, 1988","Sept. 10, 2008"
"51369","TERADYNE INC","TER","Nov. 15, 1999","Dec. 20, 2013"
"51377","NATIONAL SEMICONDUCTOR CORP","NSM","Dec. 9, 1976","Sept. 23, 2011"
"51596","KINDER MORGAN INC KANSAS","KMI","Dec. 12, 2000","May 30, 2007"
"51706","MARSHALL & ILSLEY CORP","MI","Feb. 11, 2002","July 5, 2011"
"52038","SYSCO CORP","SYY","Dec. 18, 1986","Dec. 31, 2024"
"52090","MCCORMICK & CO INC","MKC","March 21, 2003","Dec. 31, 2024"
"52230","ROBERT HALF INTERNATIONAL INC","RHI","Dec. 5, 2000","June 21, 2024"
"52337","TENET HEALTHCARE CORP","THC","Feb. 8, 1979","April 15, 2016"
"52476","EQUIFAX INC","EFX","June 19, 1997","Dec. 31, 2024"
"52695","GRAINGER W W INC","GWW","May 14, 1981","Dec. 31, 2024"
"52919","MERRILL LYNCH & CO INC","MER","April 8, 1982","Dec. 31, 2008"
"52978","HASBRO INC","HAS","Sept. 13, 1984","Dec. 31, 2024"
"53065","INTERPUBLIC GROUP COS INC","IPG","Oct. 30, 1992","Dec. 31, 2024"
"53479","GOLDEN WEST FINANCIAL CORP","GDW","June 9, 1988","Sept. 29, 2006"
"53613","MICRON TECHNOLOGY INC","MU","Sept. 27, 1994","Dec. 31, 2024"
"53831","CENTEX CORP","CTX","March 31, 1977","Aug. 18, 2009"
"53866","FAMILY DOLLAR STORES INC","FDO","Aug. 6, 2001","July 8, 2015"
"54148","PULTE HOMES INC","PHM","April 12, 1984","Dec. 31, 2024"
"54181","MILLIPORE CORP","MIL","July 14, 1988","July 14, 2010"
"54690","STARWOOD HOTELS & REST WLDWD INC","HOT","Nov. 17, 2000","April 7, 2006"
"54827","MOLEX INC","MOLX","Dec. 1, 1999","Dec. 9, 2013"
"55976","WAL MART STORES INC","WMT","Aug. 19, 1982","Dec. 31, 2024"
"56223","LOUISIANA PACIFIC CORP","LPX","Oct. 17, 1974","Nov. 9, 2006"
"56232","NATIONAL CITY CORP","NCC","Sept. 27, 1994","Dec. 31, 2008"
"56274","CONAGRA INC","CAG","Sept. 1, 1983","Dec. 31, 2024"
"56573","ILLINOIS TOOL WORKS INC","ITW","Feb. 13, 1986","Dec. 31, 2024"
"57568","BALL CORP","BLL","Oct. 4, 1984","Dec. 31, 2024"
"57665","NIKE INC","NKE","Nov. 3, 1988","Dec. 31, 2024"
"57817","NORDSTROM INC","JWN","Aug. 7, 1986","June 19, 2020"
"57904","AFLAC INC","AFL","May 28, 1999","Dec. 31, 2024"
"58094","NORTH FORK BANCORPORATION NY INC","NFB","July 17, 2002","Nov. 30, 2006"
"58246","NORTHERN TRUST CORP","NTRS","Jan. 30, 1998","Dec. 31, 2024"
"58683","SOUTHWEST AIRLINES CO","LUV","July 13, 1994","Dec. 31, 2024"
"58990","DOW JONES & CO INC","DJ","May 4, 1978","Dec. 13, 2007"
"59010","GAP INC","GPS","Aug. 21, 1986","Feb. 2, 2022"
"59176","AMERICAN EXPRESS CO","AXP","July 1, 1976","Dec. 31, 2024"
"59184","ANHEUSER BUSCH COS INC","BUD","July 1, 1976","Nov. 18, 2008"
"59192","CHUBB CORP","CB","July 1, 1976","Jan. 15, 2016"
"59248","COORS ADOLPH CO","RKY","July 1, 1976","Dec. 31, 2024"
"59328","INTEL CORP","INTC","Dec. 9, 1976","Dec. 31, 2024"
"59379","MELLON FINANCIAL CORP","MEL","July 1, 1976","June 29, 2007"
"59408","BANK OF AMERICA CORP","BAC","July 1, 1976","Dec. 31, 2024"
"59440","SAFECO CORP","SAFC","July 1, 1976","Sept. 22, 2008"
"59459","ST PAUL TRAVELERS COS INC","STA","July 1, 1976","Dec. 31, 2024"
"60097","MEDTRONIC INC","MDT","Oct. 23, 1986","Dec. 31, 2024"
"60206","SNAP ON INC","SNA","Sept. 16, 1982","Dec. 31, 2024"
"60442","P N C FINANCIAL SERVICES GRP INC","PNC","April 14, 1988","Dec. 31, 2024"
"60506","PACCAR INC","PCAR","Oct. 2, 1980","Dec. 31, 2024"
"60599","CENTURYTEL INC","CTL","March 25, 1999","March 17, 2023"
"60628","FEDEX CORP","FDX","Nov. 6, 1980","Dec. 31, 2024"
"60871","ANALOG DEVICES INC","ADI","Oct. 12, 1999","Dec. 31, 2024"
"60943","LEGGETT & PLATT INC","LEG","Oct. 18, 1999","Dec. 17, 2021"
"60986","NEWELL RUBBERMAID INC","NWL","April 27, 1989","Sept. 15, 2023"
"61065","TOYS R US INC","TOY","Sept. 8, 1983","July 21, 2005"
"61241","ADVANCED MICRO DEVICES INC","AMD","June 21, 1984","Sept. 20, 2013"
"61399","LOWES COMPANIES INC","LOW","March 1, 1984","Dec. 31, 2024"
"61621","PAYCHEX INC","PAYX","Oct. 1, 1998","Dec. 31, 2024"
"61735","AON CORP","AOC","April 23, 1996","Dec. 31, 2024"
"62092","THERMO ELECTRON CORP","TMO","Jan. 2, 1997","Dec. 31, 2024"
"62148","C S X CORP","CSX","Nov. 6, 1980","Dec. 31, 2024"
"62308","TORCHMARK CORP","TMK","April 27, 1989","Dec. 31, 2024"
"62770","AMSOUTH BANCORPORATION","ASO","March 10, 1999","Nov. 3, 2006"
"62834","ENGELHARD CORP","EC","July 7, 1983","June 5, 2006"
"63060","WENDYS INTERNATIONAL INC","WEN","March 4, 1982","Sept. 29, 2008"
"64186","C I G N A CORP","CI","April 8, 1982","Dec. 31, 2024"
"64282","LIMITED BRANDS INC","LTD","Sept. 15, 1983","Sept. 30, 2024"
"64311","NORFOLK SOUTHERN CORP","NSC","June 3, 1982","Dec. 31, 2024"
"64390","PROGRESSIVE CORP OH","PGR","Aug. 4, 1997","Dec. 31, 2024"
"64451","ARCHSTONE SMITH TRUST","ASN","Dec. 20, 2004","Oct. 5, 2007"
"64565","COUNTRYWIDE FINANCIAL CORP","CFC","June 18, 1997","June 30, 2008"
"64936","DOMINION RESOURCES INC VA NEW","D","May 20, 1983","Dec. 31, 2024"
"64995","KEYCORP NEW","KEY","March 2, 1994","Dec. 31, 2024"
"65787","TRIBUNE COMPANY NEW","TRB","Jan. 30, 1986","Dec. 20, 2007"
"65875","VERIZON COMMUNICATIONS INC","VZ","Dec. 1, 1983","Dec. 31, 2024"
"65883","BELLSOUTH CORP","BLS","Dec. 1, 1983","Jan. 3, 2007"
"66093","S B C COMMUNICATIONS INC","SBC","Dec. 1, 1983","Dec. 31, 2024"
"66114","TEMPLE INLAND INC","TIN","Dec. 18, 1986","Dec. 28, 2007"
"66157","U S BANCORP DEL","USB","Oct. 23, 1995","Dec. 31, 2024"
"66181","HOME DEPOT INC","HD","March 3, 1988","Dec. 31, 2024"
"66325","S L M CORP","SLM","July 1, 1998","April 30, 2014"
"66800","AMERICAN INTERNATIONAL GROUP INC","AIG","Feb. 14, 1980","Dec. 31, 2024"
"67467","BIG LOTS INC","BLI","Jan. 20, 1998","Feb. 13, 2013"
"68144","SUNTRUST BANKS INC","STI","May 5, 1988","Dec. 6, 2019"
"68304","BEAR STEARNS COMPANIES INC","BSC","July 1, 1998","May 30, 2008"
"68591","ST JUDE MEDICAL INC","STJ","Dec. 1, 1989","Jan. 4, 2017"
"69032","MORGAN STANLEY DEAN WITTER & CO","MWD","Sept. 22, 1995","Dec. 31, 2024"
"69550","MYLAN LABS INC","MYL","April 23, 2004","Nov. 16, 2020"
"70033","HARLEY DAVIDSON INC","HDI","Jan. 31, 2000","June 19, 2020"
"70092","K B HOME","KBH","March 8, 1989","Dec. 18, 2009"
"70332","ANADARKO PETROLEUM CORP","APC","July 28, 1997","Aug. 8, 2019"
"70500","COCA COLA ENTERPRISES INC","CCE","Oct. 8, 1998","May 27, 2016"
"70519","CITIGROUP INC","C","May 26, 1988","Dec. 31, 2024"
"70536","SIGMA ALDRICH CORP","SIAL","Sept. 21, 1994","Nov. 18, 2015"
"70578","ECOLAB INC","ECL","Jan. 12, 1989","Dec. 31, 2024"
"71175","UNUMPROVIDENT CORP","UNM","March 11, 1994","Sept. 17, 2021"
"71563","B B & T CORP","BBT","Dec. 4, 1997","Dec. 31, 2024"
"72726","STATE STREET CORP","STT","Aug. 15, 1997","Dec. 31, 2024"
"73139","STRYKER CORP","SYK","Dec. 12, 2000","Dec. 31, 2024"
"73940","SYMBOL TECHNOLOGIES INC","SBL","Dec. 11, 2000","Jan. 9, 2007"
"75034","BAKER HUGHES INC","BHI","April 9, 1987","Dec. 31, 2024"
"75100","TIFFANY & CO NEW","TIF","June 21, 2000","Jan. 6, 2021"
"75154","CARNIVAL CORP","CCL","Dec. 22, 1998","Dec. 31, 2024"
"75175","M B I A INC","MBI","Dec. 3, 1996","Dec. 18, 2009"
"75186","SCHWAB CHARLES CORP NEW","SCH","June 2, 1997","Dec. 31, 2024"
"75257","TELLABS INC","TLAB","July 3, 1995","Dec. 20, 2011"
"75333","BURLINGTON RESOURCES INC","BR","Nov. 23, 1993","March 31, 2006"
"75489","STAPLES INC","SPLS","Oct. 7, 1998","Sept. 15, 2017"
"75510","ADOBE SYSTEMS INC","ADBE","May 6, 1997","Dec. 31, 2024"
"75573","OFFICE DEPOT INC","ODP","June 24, 1999","Dec. 17, 2010"
"75577","ALTERA CORP","ALTR","April 18, 2000","Dec. 28, 2015"
"75592","PLUM CREEK TIMBER CO INC","PCL","Jan. 17, 2002","Feb. 19, 2016"
"75607","SYMANTEC CORP","SYMC","March 31, 2003","Dec. 31, 2024"
"75646","ALLERGAN INC","AGN","Feb. 10, 1992","March 20, 2015"
"75789","FEDERAL HOME LOAN MORTGAGE CORP","FRE","Jan. 2, 1992","Sept. 10, 2008"
"75825","EOG RESOURCES INC","EOG","Nov. 2, 2000","Dec. 31, 2024"
"75828","ELECTRONIC ARTS INC","ERTS","July 22, 2002","Dec. 31, 2024"
"75857","SOLECTRON CORP","SLR","Dec. 31, 1998","Oct. 1, 2007"
"75912","PARAMETRIC TECHNOLOGY CORP","PMTC","April 1, 1997","Dec. 29, 2006"
"76076","CISCO SYSTEMS INC","CSCO","Dec. 31, 1993","Dec. 31, 2024"
"76090","HARRAHS ENTERTAINMENT INC","HET","Feb. 8, 1990","Jan. 28, 2008"
"76149","SAFEWAY INC","SWY","Nov. 13, 1998","Jan. 26, 2015"
"76171","H C A INC NEW","HCA","Sept. 1, 1993","Nov. 17, 2006"
"76201","XILINX INC","XLNX","Nov. 8, 1999","Feb. 14, 2022"
"76226","VIACOM INC","VIA","Sept. 30, 1994","Dec. 31, 2024"
"76240","B J SERVICES CO","BJS","May 15, 2002","April 29, 2010"
"76282","AUTONATION INC DEL","AN","Feb. 24, 2003","Aug. 7, 2017"
"76557","M B N A CORP","KRB","April 23, 1992","Dec. 30, 2005"
"76565","HEALTH MANAGEMENT ASSOCIATES INC","HMA","Nov. 7, 2001","March 1, 2007"
"76605","AUTOZONE INC","AZO","Jan. 2, 1997","Dec. 31, 2024"
"76624","P M C SIERRA INC","PMCS","Aug. 3, 2001","June 29, 2007"
"76638","JONES APPAREL GROUP INC","JNY","Dec. 17, 2001","March 3, 2009"
"76644","UNITED STATES STEEL CORP NEW","X","May 7, 1991","July 1, 2014"
"76656","MEDIMMUNE INC","MEDI","June 16, 2000","May 31, 2007"
"76712","A E S CORP","AES","Oct. 2, 1998","Dec. 31, 2024"
"76757","AMBAC FINANCIAL GROUP INC","ABK","Dec. 11, 2000","June 10, 2008"
"76804","M G I C INVESTMENT CORP WIS","MTG","July 19, 1996","Oct. 30, 2008"
"76841","BIOGEN IDEC INC","BIIB","Nov. 13, 2003","Dec. 31, 2024"
"76887","ALLIED WASTE INDUSTRIES INC","AW","Aug. 2, 1999","Dec. 4, 2008"
"77063","MANOR CARE INC NEW","HCR","Sept. 28, 1998","Nov. 8, 2007"
"77150","FISHER SCIENTIFIC INTL INC","FSH","Aug. 3, 2004","Nov. 9, 2006"
"77178","QUALCOMM INC","QCOM","July 22, 1999","Dec. 31, 2024"
"77274","GILEAD SCIENCES INC","GILD","July 1, 2004","Dec. 31, 2024"
"77284","NEXTEL COMMUNICATIONS INC","NXTL","April 1, 1998","Aug. 12, 2005"
"77418","TIME WARNER INC NEW","TWX","Jan. 4, 1999","June 19, 2018"
"77462","FEDERATED DEPT STORES INC DEL","FD","Dec. 1, 1995","April 3, 2020"
"77481","EL PASO CORP","EP","Oct. 26, 1999","May 24, 2012"
"77546","FIRST DATA CORP","FDC","Sept. 27, 1994","Sept. 24, 2007"
"77605","BOSTON SCIENTIFIC CORP","BSX","Feb. 24, 1995","Dec. 31, 2024"
"77606","KOHLS CORP","KSS","Aug. 14, 1998","Sept. 18, 2020"
"77659","BED BATH & BEYOND INC","BBBY","Oct. 1, 1999","July 25, 2017"
"77668","EXPRESS SCRIPTS INC","ESRX","Sept. 26, 2003","Dec. 21, 2018"
"77702","STARBUCKS CORP","SBUX","June 8, 2000","Dec. 31, 2024"
"77768","PRAXAIR INC","PX","July 6, 1992","Oct. 30, 2018"
"78139","COMPUWARE CORP","CPWR","Jan. 4, 1999","Dec. 30, 2011"
"78916","WATSON PHARMACEUTICALS INC","WPI","April 12, 1999","May 11, 2020"
"78975","INTUIT INC","INTU","Dec. 11, 2000","Dec. 31, 2024"
"79057","ACE LTD","ACE","Jan. 30, 2002","July 17, 2008"
"79094","JABIL CIRCUIT INC","JBL","Jan. 30, 2001","Nov. 4, 2014"
"79108","SANMINA SCI CORP","SANM","June 21, 2000","June 29, 2007"
"79212","X T O ENERGY INC","XTO","Dec. 29, 2004","June 25, 2010"
"79237","TRANSOCEAN INC","RIG","Dec. 31, 1999","Dec. 18, 2008"
"79323","ALLSTATE CORP","ALL","July 13, 1995","Dec. 31, 2024"
"79547","EQUITY RESIDENTIAL","EQR","Dec. 3, 2001","Dec. 31, 2024"
"79718","MERCURY INTERACTIVE CORP","MERQ","June 29, 2000","Jan. 3, 2006"
"79879","J D S UNIPHASE CORP","JDSU","July 27, 2000","Dec. 20, 2013"
"79973","GATEWAY INC","GTW","April 27, 1998","July 31, 2006"
"80055","VERITAS SOFTWARE CORP","VRTS","April 3, 2000","July 1, 2005"
"80080","EASTMAN CHEMICAL CO","EMN","Jan. 4, 1994","Dec. 31, 2024"
"80100","SIMON PROPERTY GROUP INC NEW","SPG","June 26, 2002","Dec. 31, 2024"
"80266","QLOGIC CORP","QLGC","Dec. 12, 2000","Jan. 14, 2011"
"80406","PROLOGIS","PLD","July 17, 2003","June 2, 2011"
"80599","LEHMAN BROTHERS HOLDINGS INC","LEH","Jan. 12, 1998","Sept. 16, 2008"
"80711","APARTMENT INVESTMENT & MGMT CO","AIV","March 14, 2003","Dec. 18, 2020"
"80913","AFFILIATED COMPUTER SERVICES INC","ACS","April 2, 2004","Feb. 5, 2010"
"81055","CAPITAL ONE FINANCIAL CORP","COF","July 1, 1998","Dec. 31, 2024"
"81061","MCKESSON H B O C INC","MCK","Jan. 13, 1999","Dec. 31, 2024"
"81126","GUIDANT CORP","GDT","Dec. 19, 1996","April 21, 2006"
"81138","APOLLO GROUP INC","APOL","May 15, 2002","June 28, 2013"
"81262","CAREMARK RX INC","CMX","March 25, 2004","March 22, 2007"
"81285","AMERICAN STANDARD COS INC DEL","ASD","May 13, 2002","June 5, 2008"
"81540","AMERISOURCEBERGEN CORP","ABC","Aug. 30, 2001","Dec. 31, 2024"
"81593","WASHINGTON MUTUAL INC","WM","July 2, 1997","Sept. 29, 2008"
"81655","DARDEN RESTAURANTS INC","DRI","May 30, 1995","Dec. 31, 2024"
"81774","FREEPORT MCMORAN COPPER & GOLD","FCX","July 31, 1995","Dec. 31, 2024"
"82598","NETWORK APPLIANCE INC","NTAP","June 25, 1999","Dec. 31, 2024"
"82643","LEXMARK INTERNATIONAL INC NEW","LXK","Aug. 13, 1999","Sept. 28, 2012"
"82651","WATERS CORP","WAT","Jan. 2, 2002","Dec. 31, 2024"
"82686","CITRIX SYSTEMS INC","CTXS","Dec. 1, 1999","Sept. 30, 2022"
"82775","HARTFORD FINANCIAL SVCS GRP INC","HIG","Dec. 20, 1995","Dec. 31, 2024"
"83332","LUCENT TECHNOLOGIES INC","LU","Oct. 1, 1996","Nov. 30, 2006"
"83435","YAHOO INC","YHOO","Dec. 8, 1999","June 16, 2017"
"83596","ELECTRONIC DATA SYS CORP NEW","EDS","Aug. 11, 1998","Aug. 26, 2008"
"83693","SIEBEL SYSTEMS INC","SEBL","May 5, 2000","Jan. 31, 2006"
"83862","E TRADE FINANCIAL CORP","ET","April 1, 2004","Oct. 6, 2020"
"83981","CALPINE CORP","CPN","Dec. 1, 2000","Dec. 1, 2005"
"84001","UNIVISION COMMUNICATIONS INC","UVN","Feb. 7, 2001","March 28, 2007"
"84020","I M S HEALTH INC","RX","Nov. 1, 1996","Feb. 26, 2010"
"84036","SABRE HOLDINGS CORP","TSG","March 16, 2000","March 30, 2007"
"84129","ZIONS BANCORPORATION","ZION","June 25, 2001","March 15, 2024"
"84342","MONSTER WORLDWIDE INC","MNST","June 4, 2001","Dec. 16, 2011"
"84372","N C R CORP NEW","NCR","Jan. 3, 2000","Sept. 28, 2007"
"84373","QUEST DIAGNOSTICS INC","DGX","Dec. 12, 2002","Dec. 31, 2024"
"84381","ROCKWELL AUTOMATION INC","ROK","Dec. 9, 1996","Dec. 31, 2024"
"84519","CIENA CORP","CIEN","Aug. 30, 2001","Dec. 18, 2009"
"85032","QWEST COMMUNICATIONS INTL INC","Q","July 6, 2000","March 31, 2011"
"85073","PROVIDIAN FINANCIAL CORP","PVN","June 11, 1997","Sept. 30, 2005"
"85238","EQUITY OFFICE PROPERTIES TRUST","EOP","Oct. 10, 2001","Feb. 9, 2007"
"85269","VALERO ENERGY CORP NEW","VLO","April 29, 2004","Dec. 31, 2024"
"85348","YUM BRANDS INC","YUM","Oct. 7, 1997","Dec. 31, 2024"
"85516","POWER ONE INC","PWER","Oct. 23, 2000","March 11, 2005"
"85522","APPLIED MICRO CIRCUITS CORP","AMCC","Jan. 2, 2001","May 17, 2006"
"85631","AUTODESK INC","ADSK","Dec. 21, 1989","Dec. 31, 2024"
"85913","MARRIOTT INTERNATIONAL INC NEW","MAR","May 21, 1998","Dec. 31, 2024"
"85914","BEST BUY COMPANY INC","BBY","June 30, 1999","Dec. 31, 2024"
"85926","SEALED AIR CORP NEW","SEE","April 1, 1998","Dec. 15, 2023"
"85963","BROADCOM CORP","BRCM","July 3, 2000","Jan. 29, 2016"
"86021","L 3 COMMUNICATIONS HLDGS INC","LLL","Dec. 1, 2004","June 28, 2019"
"86102","FEDERATED INVESTORS INC PA","FII","April 16, 2003","Dec. 31, 2012"
"86136","SEMPRA ENERGY","SRE","June 30, 1998","Dec. 31, 2024"
"86176","KING PHARMACEUTICALS INC","KG","Oct. 3, 2000","Dec. 17, 2010"
"86305","CONVERGYS CORP","CVG","June 13, 2000","Dec. 18, 2009"
"86314","X L CAPITAL LTD","XL","Sept. 4, 2001","Sept. 14, 2018"
"86356","EBAY INC","EBAY","July 22, 2002","Dec. 31, 2024"
"86580","NVIDIA CORP","NVDA","Nov. 30, 2001","Dec. 31, 2024"
"86591","DELPHI CORP","DPH","May 28, 1999","Oct. 10, 2005"
"86756","PEPSI BOTTLING GROUP INC","PBG","May 14, 2001","Feb. 26, 2010"
"86868","GOLDMAN SACHS GROUP INC","GS","July 22, 2002","Dec. 31, 2024"
"86946","REYNOLDS AMERICAN INC","RAI","Sept. 4, 2002","July 25, 2017"
"87055","COSTCO WHOLESALE CORP NEW","COST","Oct. 22, 1993","Dec. 31, 2024"
"87137","DEVON ENERGY CORP NEW","DVN","Aug. 30, 2000","Dec. 31, 2024"
"87292","PACTIV CORP","PTV","Nov. 5, 1999","Nov. 16, 2010"
"87432","AGILENT TECHNOLOGIES INC","A","June 5, 2000","Dec. 31, 2024"
"87447","UNITED PARCEL SERVICE INC","UPS","July 22, 2002","Dec. 31, 2024"
"87842","METLIFE INC","MET","Dec. 11, 2000","Dec. 31, 2024"
"88313","JANUS CAP GROUP INC","JNS","July 13, 2000","Nov. 22, 2011"
"88319","VISTEON CORP","VC","June 29, 2000","Dec. 30, 2005"
"88587","AVAYA INC","AV","Oct. 2, 2000","Oct. 25, 2007"
"88661","COACH INC","COH","Sept. 1, 2004","Dec. 31, 2024"
"88668","MONSANTO CO NEW","MON","Aug. 14, 2002","June 6, 2018"
"88845","AETNA INC NEW","AET","Dec. 14, 2000","Nov. 30, 2018"
"88853","FLUOR CORP NEW","FLR","Dec. 22, 2000","June 3, 2019"
"89014","ROCKWELL COLLINS INC","COL","July 2, 2001","Nov. 30, 2018"
"89070","ZIMMER HOLDINGS INC","ZMH","Aug. 7, 2001","Dec. 31, 2024"
"89179","WELLPOINT INC","WLP","July 25, 2002","Dec. 31, 2024"
"89195","PRINCIPAL FINANCIAL GROUP INC","PFG","July 22, 2002","Dec. 31, 2024"
"89258","PRUDENTIAL FINANCIAL INC","PRU","July 22, 2002","Dec. 31, 2024"
"89463","C I T GROUP INC NEW","CIT","Oct. 27, 2004","July 24, 2009"
"89525","COMCAST CORP NEW","CMCSA","Nov. 19, 2002","Dec. 31, 2024"
"89813","MEDCO HEALTH SOLUTIONS INC","MHS","Aug. 20, 2003","April 3, 2012"
"90110","HOSPIRA INC","HSP","May 3, 2004","Sept. 2, 2015"
"90352","DYNEGY INC NEW","DYN","Oct. 3, 2000","Dec. 18, 2009"
"90435","FREESCALE SEMICONDUCTOR INC","FSL","Dec. 3, 2004","Dec. 1, 2006"
"90441","NEWS CORP","NWS","Dec. 20, 2004","March 19, 2019"
"90537","NOBLE CORP","NE","Jan. 16, 2001","March 26, 2009"
"90609","NOVELL INC","NOVL","Nov. 1, 1991","April 27, 2011"
"91380","REEBOK INTERNATIONAL LTD","RBK","Jan. 8, 1987","Jan. 31, 2006"
"92655","UNITEDHEALTH GROUP INC","UNH","July 1, 1994","Dec. 31, 2024"

